date,line,ridership,is_weekend,is_public_holiday,is_ramadan,rain_mm
2023-01-01,Red Line,329047,1,1,0,0.0
2023-01-01,Green Line,155004,1,1,0,0.0
2023-01-02,Red Line,545126,0,0,0,0.0
2023-01-02,Green Line,233185,0,0,0,0.0
2023-01-03,Red Line,566460,0,0,0,0.0
2023-01-03,Green Line,240449,0,0,0,0.0
2023-01-04,Red Line,580005,0,0,0,0.0
2023-01-04,Green Line,218441,0,0,0,0.0
2023-01-05,Red Line,617761,0,0,0,0.0
2023-01-05,Green Line,219347,0,0,0,0.0
2023-01-06,Red Line,516116,0,0,0,0.0
2023-01-06,Green Line,207705,0,0,0,0.0
2023-01-07,Red Line,586789,1,0,0,0.0
2023-01-07,Green Line,214734,1,0,0,0.0
2023-01-08,Red Line,559808,1,0,0,0.0
2023-01-08,Green Line,215125,1,0,0,0.0
2023-01-09,Red Line,558517,0,0,0,0.0
2023-01-09,Green Line,223992,0,0,0,0.0
2023-01-10,Red Line,582099,0,0,0,0.0
2023-01-10,Green Line,235578,0,0,0,0.0
2023-01-11,Red Line,585300,0,0,0,0.0
2023-01-11,Green Line,234384,0,0,0,0.0
2023-01-12,Red Line,577767,0,0,0,0.0
2023-01-12,Green Line,238561,0,0,0,0.0
2023-01-13,Red Line,501501,0,0,0,0.0
2023-01-13,Green Line,218466,0,0,0,0.0
2023-01-14,Red Line,590198,1,0,0,0.0
2023-01-14,Green Line,228933,1,0,0,0.0
2023-01-15,Red Line,553681,1,0,0,12.0
2023-01-15,Green Line,231753,1,0,0,12.0
2023-01-16,Red Line,562825,0,0,0,0.0
2023-01-16,Green Line,228556,0,0,0,0.0
2023-01-17,Red Line,563703,0,0,0,0.0
2023-01-17,Green Line,234530,0,0,0,0.0
2023-01-18,Red Line,590421,0,0,0,0.0
2023-01-18,Green Line,262040,0,0,0,0.0
2023-01-19,Red Line,602293,0,0,0,0.0
2023-01-19,Green Line,227290,0,0,0,0.0
2023-01-20,Red Line,495346,0,0,0,0.0
2023-01-20,Green Line,196404,0,0,0,0.0
2023-01-21,Red Line,545778,1,0,0,0.0
2023-01-21,Green Line,237960,1,0,0,0.0
2023-01-22,Red Line,517588,1,0,0,0.0
2023-01-22,Green Line,205382,1,0,0,0.0
2023-01-23,Red Line,544934,0,0,0,0.0
2023-01-23,Green Line,230528,0,0,0,0.0
2023-01-24,Red Line,558952,0,0,0,0.0
2023-01-24,Green Line,245855,0,0,0,0.0
2023-01-25,Red Line,558593,0,0,0,0.0
2023-01-25,Green Line,249114,0,0,0,0.0
2023-01-26,Red Line,610977,0,0,0,0.0
2023-01-26,Green Line,242869,0,0,0,0.0
2023-01-27,Red Line,521617,0,0,0,0.0
2023-01-27,Green Line,202579,0,0,0,0.0
2023-01-28,Red Line,506513,1,0,0,0.0
2023-01-28,Green Line,231545,1,0,0,0.0
2023-01-29,Red Line,542577,1,0,0,0.0
2023-01-29,Green Line,206141,1,0,0,0.0
2023-01-30,Red Line,551387,0,0,0,0.0
2023-01-30,Green Line,232384,0,0,0,0.0
2023-01-31,Red Line,583237,0,0,0,0.0
2023-01-31,Green Line,236124,0,0,0,0.0
2023-02-01,Red Line,612721,0,0,0,0.0
2023-02-01,Green Line,252764,0,0,0,0.0
2023-02-02,Red Line,603187,0,0,0,0.0
2023-02-02,Green Line,246536,0,0,0,0.0
2023-02-03,Red Line,481410,0,0,0,0.0
2023-02-03,Green Line,213647,0,0,0,0.0
2023-02-04,Red Line,567096,1,0,0,0.0
2023-02-04,Green Line,236635,1,0,0,0.0
2023-02-05,Red Line,493108,1,0,0,0.0
2023-02-05,Green Line,217677,1,0,0,0.0
2023-02-06,Red Line,579117,0,0,0,0.0
2023-02-06,Green Line,226916,0,0,0,0.0
2023-02-07,Red Line,585121,0,0,0,0.0
2023-02-07,Green Line,252354,0,0,0,0.0
2023-02-08,Red Line,606494,0,0,0,0.0
2023-02-08,Green Line,234363,0,0,0,0.0
2023-02-09,Red Line,576269,0,0,0,0.0
2023-02-09,Green Line,244348,0,0,0,0.0
2023-02-10,Red Line,509334,0,0,0,0.0
2023-02-10,Green Line,198848,0,0,0,0.0
2023-02-11,Red Line,499138,1,0,0,0.0
2023-02-11,Green Line,187175,1,0,0,0.0
2023-02-12,Red Line,438700,1,0,0,0.0
2023-02-12,Green Line,180397,1,0,0,0.0
2023-02-13,Red Line,581970,0,0,0,0.0
2023-02-13,Green Line,220504,0,0,0,0.0
2023-02-14,Red Line,588366,0,0,0,0.0
2023-02-14,Green Line,237191,0,0,0,0.0
2023-02-15,Red Line,564847,0,0,0,0.0
2023-02-15,Green Line,232680,0,0,0,0.0
2023-02-16,Red Line,567072,0,0,0,0.0
2023-02-16,Green Line,246917,0,0,0,0.0
2023-02-17,Red Line,491917,0,0,0,0.0
2023-02-17,Green Line,198749,0,0,0,0.0
2023-02-18,Red Line,488830,1,0,0,0.0
2023-02-18,Green Line,203606,1,0,0,0.0
2023-02-19,Red Line,432898,1,0,0,0.0
2023-02-19,Green Line,186295,1,0,0,0.0
2023-02-20,Red Line,553517,0,0,0,0.0
2023-02-20,Green Line,239008,0,0,0,0.0
2023-02-21,Red Line,521677,0,0,0,0.0
2023-02-21,Green Line,243538,0,0,0,0.0
2023-02-22,Red Line,600297,0,0,0,0.0
2023-02-22,Green Line,252001,0,0,0,0.0
2023-02-23,Red Line,565236,0,0,0,0.0
2023-02-23,Green Line,228275,0,0,0,0.0
2023-02-24,Red Line,517024,0,0,0,0.0
2023-02-24,Green Line,195161,0,0,0,0.0
2023-02-25,Red Line,490387,1,0,0,0.0
2023-02-25,Green Line,197622,1,0,0,0.0
2023-02-26,Red Line,470618,1,0,0,8.8
2023-02-26,Green Line,173902,1,0,0,8.8
2023-02-27,Red Line,564050,0,0,0,0.0
2023-02-27,Green Line,241315,0,0,0,0.0
2023-02-28,Red Line,575461,0,0,0,0.0
2023-02-28,Green Line,234811,0,0,0,0.0
2023-03-01,Red Line,533457,0,0,0,0.0
2023-03-01,Green Line,222719,0,0,0,0.0
2023-03-02,Red Line,543123,0,0,0,0.0
2023-03-02,Green Line,225703,0,0,0,0.0
2023-03-03,Red Line,476702,0,0,0,0.0
2023-03-03,Green Line,197930,0,0,0,0.0
2023-03-04,Red Line,488794,1,0,0,0.0
2023-03-04,Green Line,190222,1,0,0,0.0
2023-03-05,Red Line,435374,1,0,0,0.0
2023-03-05,Green Line,177438,1,0,0,0.0
2023-03-06,Red Line,511999,0,0,0,0.0
2023-03-06,Green Line,223414,0,0,0,0.0
2023-03-07,Red Line,565440,0,0,0,0.0
2023-03-07,Green Line,239478,0,0,0,0.0
2023-03-08,Red Line,556179,0,0,0,0.0
2023-03-08,Green Line,236617,0,0,0,0.0
2023-03-09,Red Line,567081,0,0,0,0.0
2023-03-09,Green Line,231856,0,0,0,0.0
2023-03-10,Red Line,499100,0,0,0,0.0
2023-03-10,Green Line,208754,0,0,0,0.0
2023-03-11,Red Line,449152,1,0,0,0.0
2023-03-11,Green Line,189234,1,0,0,0.0
2023-03-12,Red Line,437762,1,0,0,0.0
2023-03-12,Green Line,176251,1,0,0,0.0
2023-03-13,Red Line,537218,0,0,0,0.0
2023-03-13,Green Line,243623,0,0,0,0.0
2023-03-14,Red Line,546209,0,0,0,0.0
2023-03-14,Green Line,223297,0,0,0,0.0
2023-03-15,Red Line,555066,0,0,0,0.0
2023-03-15,Green Line,238274,0,0,0,0.0
2023-03-16,Red Line,582565,0,0,0,0.0
2023-03-16,Green Line,219816,0,0,0,0.0
2023-03-17,Red Line,460651,0,0,0,0.0
2023-03-17,Green Line,212866,0,0,0,0.0
2023-03-18,Red Line,504410,1,0,0,0.0
2023-03-18,Green Line,189874,1,0,0,0.0
2023-03-19,Red Line,424516,1,0,0,0.0
2023-03-19,Green Line,183524,1,0,0,0.0
2023-03-20,Red Line,539997,0,0,0,0.0
2023-03-20,Green Line,224721,0,0,0,0.0
2023-03-21,Red Line,559669,0,0,0,0.0
2023-03-21,Green Line,225065,0,0,0,0.0
2023-03-22,Red Line,545765,0,0,0,0.0
2023-03-22,Green Line,227942,0,0,0,0.0
2023-03-23,Red Line,499283,0,0,1,0.0
2023-03-23,Green Line,211319,0,0,1,0.0
2023-03-24,Red Line,456169,0,0,1,0.0
2023-03-24,Green Line,178060,0,0,1,0.0
2023-03-25,Red Line,410369,1,0,1,0.0
2023-03-25,Green Line,169511,1,0,1,0.0
2023-03-26,Red Line,366923,1,0,1,0.0
2023-03-26,Green Line,155976,1,0,1,0.0
2023-03-27,Red Line,487128,0,0,1,0.0
2023-03-27,Green Line,201704,0,0,1,0.0
2023-03-28,Red Line,521714,0,0,1,0.0
2023-03-28,Green Line,202753,0,0,1,0.0
2023-03-29,Red Line,515179,0,0,1,0.0
2023-03-29,Green Line,203998,0,0,1,0.0
2023-03-30,Red Line,484596,0,0,1,0.0
2023-03-30,Green Line,209453,0,0,1,0.0
2023-03-31,Red Line,452916,0,0,1,0.0
2023-03-31,Green Line,189955,0,0,1,0.0
2023-04-01,Red Line,404194,1,0,1,0.0
2023-04-01,Green Line,150357,1,0,1,0.0
2023-04-02,Red Line,353103,1,0,1,0.0
2023-04-02,Green Line,148477,1,0,1,0.0
2023-04-03,Red Line,464421,0,0,1,0.0
2023-04-03,Green Line,186243,0,0,1,0.0
2023-04-04,Red Line,441171,0,0,1,0.0
2023-04-04,Green Line,202849,0,0,1,0.0
2023-04-05,Red Line,478785,0,0,1,0.0
2023-04-05,Green Line,210911,0,0,1,0.0
2023-04-06,Red Line,455923,0,0,1,0.0
2023-04-06,Green Line,187124,0,0,1,0.0
2023-04-07,Red Line,443402,0,0,1,0.0
2023-04-07,Green Line,165255,0,0,1,0.0
2023-04-08,Red Line,391364,1,0,1,0.0
2023-04-08,Green Line,169417,1,0,1,0.0
2023-04-09,Red Line,395207,1,0,1,0.0
2023-04-09,Green Line,150161,1,0,1,0.0
2023-04-10,Red Line,461986,0,0,1,0.0
2023-04-10,Green Line,183736,0,0,1,0.0
2023-04-11,Red Line,475490,0,0,1,0.0
2023-04-11,Green Line,205156,0,0,1,0.0
2023-04-12,Red Line,493610,0,0,1,0.0
2023-04-12,Green Line,196060,0,0,1,0.0
2023-04-13,Red Line,492277,0,0,1,0.0
2023-04-13,Green Line,199057,0,0,1,0.0
2023-04-14,Red Line,446769,0,0,1,0.0
2023-04-14,Green Line,170256,0,0,1,0.0
2023-04-15,Red Line,421481,1,0,1,0.0
2023-04-15,Green Line,164722,1,0,1,0.0
2023-04-16,Red Line,373772,1,0,1,0.0
2023-04-16,Green Line,154535,1,0,1,0.0
2023-04-17,Red Line,413744,0,0,1,0.0
2023-04-17,Green Line,201117,0,0,1,0.0
2023-04-18,Red Line,513378,0,0,1,0.0
2023-04-18,Green Line,200618,0,0,1,0.0
2023-04-19,Red Line,491347,0,0,1,0.0
2023-04-19,Green Line,201964,0,0,1,0.0
2023-04-20,Red Line,495186,0,0,1,0.0
2023-04-20,Green Line,211326,0,0,1,0.0
2023-04-21,Red Line,340976,0,1,0,0.0
2023-04-21,Green Line,141146,0,1,0,0.0
2023-04-22,Red Line,309556,1,1,0,0.0
2023-04-22,Green Line,126407,1,1,0,0.0
2023-04-23,Red Line,278168,1,1,0,0.0
2023-04-23,Green Line,128406,1,1,0,0.0
2023-04-24,Red Line,355169,0,1,0,0.0
2023-04-24,Green Line,157318,0,1,0,0.0
2023-04-25,Red Line,564888,0,0,0,0.0
2023-04-25,Green Line,231111,0,0,0,0.0
2023-04-26,Red Line,527217,0,0,0,0.0
2023-04-26,Green Line,233011,0,0,0,0.0
2023-04-27,Red Line,532908,0,0,0,0.0
2023-04-27,Green Line,211667,0,0,0,0.0
2023-04-28,Red Line,511347,0,0,0,0.0
2023-04-28,Green Line,213247,0,0,0,0.0
2023-04-29,Red Line,455408,1,0,0,0.0
2023-04-29,Green Line,186355,1,0,0,0.0
2023-04-30,Red Line,413472,1,0,0,0.0
2023-04-30,Green Line,176200,1,0,0,0.0
2023-05-01,Red Line,497017,0,0,0,0.0
2023-05-01,Green Line,199604,0,0,0,0.0
2023-05-02,Red Line,505795,0,0,0,0.0
2023-05-02,Green Line,213826,0,0,0,0.0
2023-05-03,Red Line,532489,0,0,0,0.0
2023-05-03,Green Line,215160,0,0,0,0.0
2023-05-04,Red Line,475112,0,0,0,0.0
2023-05-04,Green Line,210173,0,0,0,0.0
2023-05-05,Red Line,490927,0,0,0,0.0
2023-05-05,Green Line,198255,0,0,0,0.0
2023-05-06,Red Line,433320,1,0,0,0.0
2023-05-06,Green Line,171506,1,0,0,0.0
2023-05-07,Red Line,401489,1,0,0,0.0
2023-05-07,Green Line,165848,1,0,0,0.0
2023-05-08,Red Line,468102,0,0,0,0.0
2023-05-08,Green Line,196087,0,0,0,0.0
2023-05-09,Red Line,497987,0,0,0,0.0
2023-05-09,Green Line,219720,0,0,0,0.0
2023-05-10,Red Line,517331,0,0,0,0.0
2023-05-10,Green Line,223769,0,0,0,0.0
2023-05-11,Red Line,504227,0,0,0,0.0
2023-05-11,Green Line,222421,0,0,0,0.0
2023-05-12,Red Line,461384,0,0,0,0.0
2023-05-12,Green Line,198924,0,0,0,0.0
2023-05-13,Red Line,425885,1,0,0,0.0
2023-05-13,Green Line,165153,1,0,0,0.0
2023-05-14,Red Line,406476,1,0,0,0.0
2023-05-14,Green Line,156655,1,0,0,0.0
2023-05-15,Red Line,502666,0,0,0,0.0
2023-05-15,Green Line,203090,0,0,0,0.0
2023-05-16,Red Line,529636,0,0,0,0.0
2023-05-16,Green Line,206280,0,0,0,0.0
2023-05-17,Red Line,509872,0,0,0,0.0
2023-05-17,Green Line,206504,0,0,0,0.0
2023-05-18,Red Line,506828,0,0,0,0.0
2023-05-18,Green Line,206521,0,0,0,0.0
2023-05-19,Red Line,454443,0,0,0,0.0
2023-05-19,Green Line,192662,0,0,0,0.0
2023-05-20,Red Line,439380,1,0,0,0.0
2023-05-20,Green Line,176437,1,0,0,0.0
2023-05-21,Red Line,402562,1,0,0,0.0
2023-05-21,Green Line,162743,1,0,0,0.0
2023-05-22,Red Line,495252,0,0,0,0.0
2023-05-22,Green Line,207306,0,0,0,0.0
2023-05-23,Red Line,523768,0,0,0,0.0
2023-05-23,Green Line,212087,0,0,0,0.0
2023-05-24,Red Line,541880,0,0,0,0.0
2023-05-24,Green Line,210217,0,0,0,0.0
2023-05-25,Red Line,532078,0,0,0,0.0
2023-05-25,Green Line,222831,0,0,0,0.0
2023-05-26,Red Line,452510,0,0,0,0.0
2023-05-26,Green Line,191923,0,0,0,0.0
2023-05-27,Red Line,421319,1,0,0,0.0
2023-05-27,Green Line,167500,1,0,0,0.0
2023-05-28,Red Line,407161,1,0,0,0.0
2023-05-28,Green Line,159082,1,0,0,0.0
2023-05-29,Red Line,514963,0,0,0,0.0
2023-05-29,Green Line,194535,0,0,0,0.0
2023-05-30,Red Line,526044,0,0,0,0.0
2023-05-30,Green Line,202468,0,0,0,0.0
2023-05-31,Red Line,495695,0,0,0,0.0
2023-05-31,Green Line,198043,0,0,0,0.0
2023-06-01,Red Line,468033,0,0,0,0.0
2023-06-01,Green Line,183024,0,0,0,0.0
2023-06-02,Red Line,437655,0,0,0,0.0
2023-06-02,Green Line,169052,0,0,0,0.0
2023-06-03,Red Line,373348,1,0,0,0.0
2023-06-03,Green Line,170767,1,0,0,0.0
2023-06-04,Red Line,379963,1,0,0,0.0
2023-06-04,Green Line,147405,1,0,0,0.0
2023-06-05,Red Line,481227,0,0,0,0.0
2023-06-05,Green Line,196664,0,0,0,0.0
2023-06-06,Red Line,465141,0,0,0,0.0
2023-06-06,Green Line,195796,0,0,0,0.0
2023-06-07,Red Line,466403,0,0,0,0.0
2023-06-07,Green Line,203448,0,0,0,0.0
2023-06-08,Red Line,467674,0,0,0,0.0
2023-06-08,Green Line,197924,0,0,0,0.0
2023-06-09,Red Line,439520,0,0,0,0.0
2023-06-09,Green Line,174237,0,0,0,0.0
2023-06-10,Red Line,380046,1,0,0,0.0
2023-06-10,Green Line,171704,1,0,0,0.0
2023-06-11,Red Line,343313,1,0,0,0.0
2023-06-11,Green Line,149192,1,0,0,0.0
2023-06-12,Red Line,427767,0,0,0,0.0
2023-06-12,Green Line,195619,0,0,0,0.0
2023-06-13,Red Line,487150,0,0,0,0.0
2023-06-13,Green Line,205539,0,0,0,0.0
2023-06-14,Red Line,461188,0,0,0,0.0
2023-06-14,Green Line,209857,0,0,0,0.0
2023-06-15,Red Line,453551,0,0,0,0.0
2023-06-15,Green Line,192617,0,0,0,0.0
2023-06-16,Red Line,414418,0,0,0,0.0
2023-06-16,Green Line,179626,0,0,0,0.0
2023-06-17,Red Line,380510,1,0,0,0.0
2023-06-17,Green Line,166078,1,0,0,0.0
2023-06-18,Red Line,383955,1,0,0,0.0
2023-06-18,Green Line,146894,1,0,0,0.0
2023-06-19,Red Line,497945,0,0,0,0.0
2023-06-19,Green Line,182910,0,0,0,0.0
2023-06-20,Red Line,500461,0,0,0,0.0
2023-06-20,Green Line,209026,0,0,0,0.0
2023-06-21,Red Line,470285,0,0,0,0.0
2023-06-21,Green Line,196438,0,0,0,0.0
2023-06-22,Red Line,475177,0,0,0,0.0
2023-06-22,Green Line,186301,0,0,0,0.0
2023-06-23,Red Line,431327,0,0,0,0.0
2023-06-23,Green Line,178225,0,0,0,0.0
2023-06-24,Red Line,403744,1,0,0,0.0
2023-06-24,Green Line,153721,1,0,0,0.0
2023-06-25,Red Line,351471,1,0,0,0.0
2023-06-25,Green Line,161478,1,0,0,0.0
2023-06-26,Red Line,456505,0,0,0,0.0
2023-06-26,Green Line,182886,0,0,0,0.0
2023-06-27,Red Line,345460,0,1,0,0.0
2023-06-27,Green Line,144226,0,1,0,0.0
2023-06-28,Red Line,339248,0,1,0,0.0
2023-06-28,Green Line,139604,0,1,0,0.0
2023-06-29,Red Line,318700,0,1,0,0.0
2023-06-29,Green Line,137911,0,1,0,0.0
2023-06-30,Red Line,307707,0,1,0,0.0
2023-06-30,Green Line,127693,0,1,0,0.0
2023-07-01,Red Line,268823,1,1,0,0.0
2023-07-01,Green Line,111702,1,1,0,0.0
2023-07-02,Red Line,356812,1,0,0,0.0
2023-07-02,Green Line,147479,1,0,0,0.0
2023-07-03,Red Line,458864,0,0,0,0.0
2023-07-03,Green Line,188387,0,0,0,0.0
2023-07-04,Red Line,481340,0,0,0,0.0
2023-07-04,Green Line,185686,0,0,0,0.0
2023-07-05,Red Line,455674,0,0,0,0.0
2023-07-05,Green Line,190987,0,0,0,0.0
2023-07-06,Red Line,437095,0,0,0,0.0
2023-07-06,Green Line,182992,0,0,0,0.0
2023-07-07,Red Line,381578,0,0,0,0.0
2023-07-07,Green Line,164627,0,0,0,0.0
2023-07-08,Red Line,350524,1,0,0,0.0
2023-07-08,Green Line,142856,1,0,0,0.0
2023-07-09,Red Line,362128,1,0,0,0.0
2023-07-09,Green Line,154199,1,0,0,0.0
2023-07-10,Red Line,479362,0,0,0,0.0
2023-07-10,Green Line,186296,0,0,0,0.0
2023-07-11,Red Line,454053,0,0,0,0.0
2023-07-11,Green Line,192230,0,0,0,0.0
2023-07-12,Red Line,455482,0,0,0,0.0
2023-07-12,Green Line,187951,0,0,0,0.0
2023-07-13,Red Line,442277,0,0,0,0.0
2023-07-13,Green Line,174669,0,0,0,0.0
2023-07-14,Red Line,389190,0,0,0,0.0
2023-07-14,Green Line,163759,0,0,0,0.0
2023-07-15,Red Line,381875,1,0,0,0.0
2023-07-15,Green Line,144764,1,0,0,0.0
2023-07-16,Red Line,333754,1,0,0,0.0
2023-07-16,Green Line,145781,1,0,0,0.0
2023-07-17,Red Line,431973,0,0,0,0.0
2023-07-17,Green Line,183147,0,0,0,0.0
2023-07-18,Red Line,447213,0,0,0,0.0
2023-07-18,Green Line,190492,0,0,0,0.0
2023-07-19,Red Line,464445,0,0,0,0.0
2023-07-19,Green Line,178470,0,0,0,0.0
2023-07-20,Red Line,454173,0,0,0,0.0
2023-07-20,Green Line,198515,0,0,0,0.0
2023-07-21,Red Line,281005,0,1,0,0.0
2023-07-21,Green Line,119160,0,1,0,0.0
2023-07-22,Red Line,385907,1,0,0,0.0
2023-07-22,Green Line,169655,1,0,0,0.0
2023-07-23,Red Line,332280,1,0,0,0.0
2023-07-23,Green Line,143309,1,0,0,0.0
2023-07-24,Red Line,454737,0,0,0,0.0
2023-07-24,Green Line,189384,0,0,0,0.0
2023-07-25,Red Line,470904,0,0,0,0.0
2023-07-25,Green Line,189175,0,0,0,0.0
2023-07-26,Red Line,496413,0,0,0,0.0
2023-07-26,Green Line,190304,0,0,0,0.0
2023-07-27,Red Line,468736,0,0,0,0.0
2023-07-27,Green Line,182477,0,0,0,0.0
2023-07-28,Red Line,394599,0,0,0,0.0
2023-07-28,Green Line,167190,0,0,0,0.0
2023-07-29,Red Line,383548,1,0,0,0.0
2023-07-29,Green Line,150867,1,0,0,0.0
2023-07-30,Red Line,363732,1,0,0,0.0
2023-07-30,Green Line,135971,1,0,0,0.0
2023-07-31,Red Line,435188,0,0,0,0.0
2023-07-31,Green Line,188349,0,0,0,0.0
2023-08-01,Red Line,459557,0,0,0,0.0
2023-08-01,Green Line,172770,0,0,0,0.0
2023-08-02,Red Line,463304,0,0,0,0.0
2023-08-02,Green Line,192844,0,0,0,0.0
2023-08-03,Red Line,454094,0,0,0,0.0
2023-08-03,Green Line,191046,0,0,0,0.0
2023-08-04,Red Line,408466,0,0,0,0.0
2023-08-04,Green Line,174889,0,0,0,0.0
2023-08-05,Red Line,378383,1,0,0,0.0
2023-08-05,Green Line,158198,1,0,0,0.0
2023-08-06,Red Line,374288,1,0,0,0.0
2023-08-06,Green Line,149453,1,0,0,0.0
2023-08-07,Red Line,441598,0,0,0,0.0
2023-08-07,Green Line,176555,0,0,0,0.0
2023-08-08,Red Line,422945,0,0,0,0.0
2023-08-08,Green Line,191297,0,0,0,0.0
2023-08-09,Red Line,448568,0,0,0,0.0
2023-08-09,Green Line,196789,0,0,0,0.0
2023-08-10,Red Line,445556,0,0,0,0.0
2023-08-10,Green Line,190080,0,0,0,0.0
2023-08-11,Red Line,446970,0,0,0,0.0
2023-08-11,Green Line,177352,0,0,0,0.0
2023-08-12,Red Line,399780,1,0,0,0.0
2023-08-12,Green Line,158003,1,0,0,0.0
2023-08-13,Red Line,349362,1,0,0,0.0
2023-08-13,Green Line,147104,1,0,0,0.0
2023-08-14,Red Line,443215,0,0,0,0.0
2023-08-14,Green Line,188356,0,0,0,0.0
2023-08-15,Red Line,433071,0,0,0,0.0
2023-08-15,Green Line,197170,0,0,0,0.0
2023-08-16,Red Line,491611,0,0,0,0.0
2023-08-16,Green Line,182430,0,0,0,0.0
2023-08-17,Red Line,437724,0,0,0,0.0
2023-08-17,Green Line,182234,0,0,0,0.0
2023-08-18,Red Line,416643,0,0,0,0.0
2023-08-18,Green Line,164593,0,0,0,0.0
2023-08-19,Red Line,397470,1,0,0,0.0
2023-08-19,Green Line,153190,1,0,0,0.0
2023-08-20,Red Line,352321,1,0,0,0.0
2023-08-20,Green Line,147980,1,0,0,0.0
2023-08-21,Red Line,461369,0,0,0,0.0
2023-08-21,Green Line,185480,0,0,0,0.0
2023-08-22,Red Line,445915,0,0,0,0.0
2023-08-22,Green Line,181246,0,0,0,0.0
2023-08-23,Red Line,473518,0,0,0,0.0
2023-08-23,Green Line,195216,0,0,0,0.0
2023-08-24,Red Line,485239,0,0,0,0.0
2023-08-24,Green Line,196875,0,0,0,0.0
2023-08-25,Red Line,409409,0,0,0,0.0
2023-08-25,Green Line,161927,0,0,0,0.0
2023-08-26,Red Line,406659,1,0,0,0.0
2023-08-26,Green Line,166211,1,0,0,0.0
2023-08-27,Red Line,371769,1,0,0,0.0
2023-08-27,Green Line,146406,1,0,0,0.0
2023-08-28,Red Line,420495,0,0,0,0.0
2023-08-28,Green Line,183729,0,0,0,0.0
2023-08-29,Red Line,452798,0,0,0,0.0
2023-08-29,Green Line,175325,0,0,0,0.0
2023-08-30,Red Line,436972,0,0,0,0.0
2023-08-30,Green Line,184540,0,0,0,0.0
2023-08-31,Red Line,456092,0,0,0,0.0
2023-08-31,Green Line,181880,0,0,0,0.0
2023-09-01,Red Line,436187,0,0,0,0.0
2023-09-01,Green Line,181852,0,0,0,0.0
2023-09-02,Red Line,373673,1,0,0,0.0
2023-09-02,Green Line,165964,1,0,0,0.0
2023-09-03,Red Line,387012,1,0,0,0.0
2023-09-03,Green Line,157901,1,0,0,0.0
2023-09-04,Red Line,506999,0,0,0,0.0
2023-09-04,Green Line,194691,0,0,0,0.0
2023-09-05,Red Line,493041,0,0,0,0.0
2023-09-05,Green Line,211776,0,0,0,0.0
2023-09-06,Red Line,529519,0,0,0,0.0
2023-09-06,Green Line,217035,0,0,0,0.0
2023-09-07,Red Line,487359,0,0,0,0.0
2023-09-07,Green Line,189731,0,0,0,0.0
2023-09-08,Red Line,480023,0,0,0,0.0
2023-09-08,Green Line,178295,0,0,0,0.0
2023-09-09,Red Line,397146,1,0,0,0.0
2023-09-09,Green Line,173693,1,0,0,0.0
2023-09-10,Red Line,392849,1,0,0,0.0
2023-09-10,Green Line,166651,1,0,0,0.0
2023-09-11,Red Line,504547,0,0,0,0.0
2023-09-11,Green Line,185156,0,0,0,0.0
2023-09-12,Red Line,537449,0,0,0,0.0
2023-09-12,Green Line,197227,0,0,0,0.0
2023-09-13,Red Line,531981,0,0,0,0.0
2023-09-13,Green Line,220049,0,0,0,0.0
2023-09-14,Red Line,522704,0,0,0,0.0
2023-09-14,Green Line,197911,0,0,0,0.0
2023-09-15,Red Line,438055,0,0,0,0.0
2023-09-15,Green Line,180287,0,0,0,0.0
2023-09-16,Red Line,421711,1,0,0,0.0
2023-09-16,Green Line,169947,1,0,0,0.0
2023-09-17,Red Line,411554,1,0,0,0.0
2023-09-17,Green Line,165030,1,0,0,0.0
2023-09-18,Red Line,470695,0,0,0,0.0
2023-09-18,Green Line,207925,0,0,0,0.0
2023-09-19,Red Line,490539,0,0,0,0.0
2023-09-19,Green Line,219118,0,0,0,0.0
2023-09-20,Red Line,513399,0,0,0,0.0
2023-09-20,Green Line,199956,0,0,0,0.0
2023-09-21,Red Line,503224,0,0,0,0.0
2023-09-21,Green Line,211557,0,0,0,0.0
2023-09-22,Red Line,480192,0,0,0,0.0
2023-09-22,Green Line,175128,0,0,0,0.0
2023-09-23,Red Line,400178,1,0,0,0.0
2023-09-23,Green Line,178509,1,0,0,0.0
2023-09-24,Red Line,385445,1,0,0,0.0
2023-09-24,Green Line,163322,1,0,0,0.0
2023-09-25,Red Line,469078,0,0,0,0.0
2023-09-25,Green Line,200975,0,0,0,0.0
2023-09-26,Red Line,528540,0,0,0,0.0
2023-09-26,Green Line,200424,0,0,0,0.0
2023-09-27,Red Line,463343,0,0,0,0.0
2023-09-27,Green Line,208259,0,0,0,0.0
2023-09-28,Red Line,537049,0,0,0,0.0
2023-09-28,Green Line,214158,0,0,0,0.0
2023-09-29,Red Line,320083,0,1,0,0.0
2023-09-29,Green Line,134207,0,1,0,0.0
2023-09-30,Red Line,429162,1,0,0,0.0
2023-09-30,Green Line,173490,1,0,0,0.0
2023-10-01,Red Line,413823,1,0,0,0.0
2023-10-01,Green Line,188948,1,0,0,0.0
2023-10-02,Red Line,529506,0,0,0,0.0
2023-10-02,Green Line,226767,0,0,0,0.0
2023-10-03,Red Line,555171,0,0,0,0.0
2023-10-03,Green Line,244022,0,0,0,0.0
2023-10-04,Red Line,561996,0,0,0,0.0
2023-10-04,Green Line,235015,0,0,0,0.0
2023-10-05,Red Line,541935,0,0,0,0.0
2023-10-05,Green Line,224146,0,0,0,0.0
2023-10-06,Red Line,445326,0,0,0,0.0
2023-10-06,Green Line,205230,0,0,0,0.0
2023-10-07,Red Line,426319,1,0,0,0.0
2023-10-07,Green Line,196719,1,0,0,0.0
2023-10-08,Red Line,433521,1,0,0,0.0
2023-10-08,Green Line,170315,1,0,0,0.0
2023-10-09,Red Line,579238,0,0,0,0.0
2023-10-09,Green Line,227766,0,0,0,0.0
2023-10-10,Red Line,559753,0,0,0,0.0
2023-10-10,Green Line,223396,0,0,0,0.0
2023-10-11,Red Line,528839,0,0,0,0.0
2023-10-11,Green Line,230739,0,0,0,0.0
2023-10-12,Red Line,547486,0,0,0,0.0
2023-10-12,Green Line,224118,0,0,0,0.0
2023-10-13,Red Line,505407,0,0,0,0.0
2023-10-13,Green Line,212409,0,0,0,0.0
2023-10-14,Red Line,462101,1,0,0,0.0
2023-10-14,Green Line,190739,1,0,0,0.0
2023-10-15,Red Line,434926,1,0,0,0.0
2023-10-15,Green Line,164661,1,0,0,0.0
2023-10-16,Red Line,549137,0,0,0,0.0
2023-10-16,Green Line,221651,0,0,0,0.0
2023-10-17,Red Line,551669,0,0,0,0.0
2023-10-17,Green Line,223767,0,0,0,0.0
2023-10-18,Red Line,579902,0,0,0,0.0
2023-10-18,Green Line,234598,0,0,0,0.0
2023-10-19,Red Line,531344,0,0,0,0.0
2023-10-19,Green Line,228238,0,0,0,0.0
2023-10-20,Red Line,509795,0,0,0,0.0
2023-10-20,Green Line,190290,0,0,0,0.0
2023-10-21,Red Line,448684,1,0,0,0.0
2023-10-21,Green Line,188352,1,0,0,0.0
2023-10-22,Red Line,421135,1,0,0,0.0
2023-10-22,Green Line,188374,1,0,0,0.0
2023-10-23,Red Line,537956,0,0,0,0.0
2023-10-23,Green Line,225240,0,0,0,0.0
2023-10-24,Red Line,551482,0,0,0,0.0
2023-10-24,Green Line,221529,0,0,0,0.0
2023-10-25,Red Line,562352,0,0,0,0.0
2023-10-25,Green Line,235103,0,0,0,0.0
2023-10-26,Red Line,514630,0,0,0,0.0
2023-10-26,Green Line,220504,0,0,0,0.0
2023-10-27,Red Line,497001,0,0,0,0.0
2023-10-27,Green Line,211072,0,0,0,0.0
2023-10-28,Red Line,447019,1,0,0,0.0
2023-10-28,Green Line,188171,1,0,0,0.0
2023-10-29,Red Line,436523,1,0,0,0.0
2023-10-29,Green Line,175594,1,0,0,0.0
2023-10-30,Red Line,523938,0,0,0,0.0
2023-10-30,Green Line,220157,0,0,0,0.0
2023-10-31,Red Line,530212,0,0,0,0.0
2023-10-31,Green Line,237700,0,0,0,0.0
2023-11-01,Red Line,562486,0,0,0,0.0
2023-11-01,Green Line,236799,0,0,0,0.0
2023-11-02,Red Line,575802,0,0,0,0.0
2023-11-02,Green Line,227555,0,0,0,0.0
2023-11-03,Red Line,538172,0,0,0,0.0
2023-11-03,Green Line,219765,0,0,0,0.0
2023-11-04,Red Line,464783,1,0,0,0.0
2023-11-04,Green Line,185547,1,0,0,0.0
2023-11-05,Red Line,435238,1,0,0,0.0
2023-11-05,Green Line,178001,1,0,0,0.0
2023-11-06,Red Line,512925,0,0,0,0.0
2023-11-06,Green Line,239809,0,0,0,0.0
2023-11-07,Red Line,561569,0,0,0,0.0
2023-11-07,Green Line,246511,0,0,0,0.0
2023-11-08,Red Line,559448,0,0,0,0.0
2023-11-08,Green Line,228134,0,0,0,0.0
2023-11-09,Red Line,556311,0,0,0,0.0
2023-11-09,Green Line,242858,0,0,0,0.0
2023-11-10,Red Line,506539,0,0,0,0.0
2023-11-10,Green Line,219431,0,0,0,0.0
2023-11-11,Red Line,494292,1,0,0,0.0
2023-11-11,Green Line,191445,1,0,0,0.0
2023-11-12,Red Line,436542,1,0,0,0.0
2023-11-12,Green Line,177724,1,0,0,0.0
2023-11-13,Red Line,574848,0,0,0,0.0
2023-11-13,Green Line,240337,0,0,0,0.0
2023-11-14,Red Line,576036,0,0,0,0.0
2023-11-14,Green Line,253612,0,0,0,0.0
2023-11-15,Red Line,618800,0,0,0,0.0
2023-11-15,Green Line,236869,0,0,0,0.0
2023-11-16,Red Line,583512,0,0,0,0.0
2023-11-16,Green Line,252975,0,0,0,0.0
2023-11-17,Red Line,568677,0,0,0,14.0
2023-11-17,Green Line,234102,0,0,0,14.0
2023-11-18,Red Line,477276,1,0,0,0.0
2023-11-18,Green Line,195817,1,0,0,0.0
2023-11-19,Red Line,446709,1,0,0,0.0
2023-11-19,Green Line,186771,1,0,0,0.0
2023-11-20,Red Line,558007,0,0,0,0.0
2023-11-20,Green Line,234310,0,0,0,0.0
2023-11-21,Red Line,585059,0,0,0,0.0
2023-11-21,Green Line,231505,0,0,0,0.0
2023-11-22,Red Line,592397,0,0,0,0.0
2023-11-22,Green Line,236732,0,0,0,0.0
2023-11-23,Red Line,547222,0,0,0,0.0
2023-11-23,Green Line,235730,0,0,0,0.0
2023-11-24,Red Line,495161,0,0,0,0.0
2023-11-24,Green Line,221396,0,0,0,0.0
2023-11-25,Red Line,441098,1,0,0,0.0
2023-11-25,Green Line,189789,1,0,0,0.0
2023-11-26,Red Line,459550,1,0,0,0.0
2023-11-26,Green Line,192750,1,0,0,0.0
2023-11-27,Red Line,594360,0,0,0,0.0
2023-11-27,Green Line,245716,0,0,0,0.0
2023-11-28,Red Line,588834,0,0,0,0.0
2023-11-28,Green Line,244841,0,0,0,0.0
2023-11-29,Red Line,559788,0,0,0,0.0
2023-11-29,Green Line,239837,0,0,0,0.0
2023-11-30,Red Line,546079,0,0,0,0.0
2023-11-30,Green Line,234608,0,0,0,0.0
2023-12-01,Red Line,357252,0,1,0,0.0
2023-12-01,Green Line,149065,0,1,0,0.0
2023-12-02,Red Line,300701,1,1,0,0.0
2023-12-02,Green Line,123342,1,1,0,0.0
2023-12-03,Red Line,295170,1,1,0,0.0
2023-12-03,Green Line,130574,1,1,0,0.0
2023-12-04,Red Line,561587,0,0,0,0.0
2023-12-04,Green Line,226086,0,0,0,0.0
2023-12-05,Red Line,592165,0,0,0,0.0
2023-12-05,Green Line,234555,0,0,0,0.0
2023-12-06,Red Line,558068,0,0,0,0.0
2023-12-06,Green Line,228155,0,0,0,0.0
2023-12-07,Red Line,552711,0,0,0,0.0
2023-12-07,Green Line,227381,0,0,0,0.0
2023-12-08,Red Line,485824,0,0,0,0.0
2023-12-08,Green Line,195918,0,0,0,0.0
2023-12-09,Red Line,507620,1,0,0,0.0
2023-12-09,Green Line,235719,1,0,0,0.0
2023-12-10,Red Line,520952,1,0,0,0.0
2023-12-10,Green Line,212788,1,0,0,0.0
2023-12-11,Red Line,531170,0,0,0,0.0
2023-12-11,Green Line,218932,0,0,0,0.0
2023-12-12,Red Line,554261,0,0,0,0.0
2023-12-12,Green Line,228123,0,0,0,0.0
2023-12-13,Red Line,580020,0,0,0,0.0
2023-12-13,Green Line,226819,0,0,0,0.0
2023-12-14,Red Line,531041,0,0,0,0.0
2023-12-14,Green Line,248765,0,0,0,0.0
2023-12-15,Red Line,488565,0,0,0,0.0
2023-12-15,Green Line,204847,0,0,0,0.0
2023-12-16,Red Line,595337,1,0,0,0.0
2023-12-16,Green Line,247883,1,0,0,0.0
2023-12-17,Red Line,529287,1,0,0,0.0
2023-12-17,Green Line,213449,1,0,0,0.0
2023-12-18,Red Line,528568,0,0,0,0.0
2023-12-18,Green Line,223742,0,0,0,0.0
2023-12-19,Red Line,580213,0,0,0,0.0
2023-12-19,Green Line,228422,0,0,0,0.0
2023-12-20,Red Line,590213,0,0,0,0.0
2023-12-20,Green Line,237795,0,0,0,0.0
2023-12-21,Red Line,571367,0,0,0,0.0
2023-12-21,Green Line,234240,0,0,0,0.0
2023-12-22,Red Line,481683,0,0,0,0.0
2023-12-22,Green Line,205404,0,0,0,0.0
2023-12-23,Red Line,566338,1,0,0,0.0
2023-12-23,Green Line,210365,1,0,0,0.0
2023-12-24,Red Line,545246,1,0,0,0.0
2023-12-24,Green Line,212356,1,0,0,0.0
2023-12-25,Red Line,570367,0,0,0,0.0
2023-12-25,Green Line,227145,0,0,0,0.0
2023-12-26,Red Line,585621,0,0,0,0.0
2023-12-26,Green Line,221539,0,0,0,0.0
2023-12-27,Red Line,619210,0,0,0,0.0
2023-12-27,Green Line,240420,0,0,0,0.0
2023-12-28,Red Line,540711,0,0,0,0.0
2023-12-28,Green Line,246550,0,0,0,0.0
2023-12-29,Red Line,521017,0,0,0,0.0
2023-12-29,Green Line,202706,0,0,0,0.0
2023-12-30,Red Line,571665,1,0,0,0.0
2023-12-30,Green Line,228866,1,0,0,0.0
2023-12-31,Red Line,535163,1,0,0,0.0
2023-12-31,Green Line,217933,1,0,0,0.0
2024-01-01,Red Line,458672,0,1,0,28.0
2024-01-01,Green Line,198393,0,1,0,28.0
2024-01-02,Red Line,605640,0,0,0,0.0
2024-01-02,Green Line,251871,0,0,0,0.0
2024-01-03,Red Line,633986,0,0,0,0.0
2024-01-03,Green Line,252051,0,0,0,0.0
2024-01-04,Red Line,628890,0,0,0,0.0
2024-01-04,Green Line,263536,0,0,0,0.0
2024-01-05,Red Line,557916,0,0,0,0.0
2024-01-05,Green Line,232492,0,0,0,0.0
2024-01-06,Red Line,584394,1,0,0,0.0
2024-01-06,Green Line,258897,1,0,0,0.0
2024-01-07,Red Line,586486,1,0,0,0.0
2024-01-07,Green Line,223366,1,0,0,0.0
2024-01-08,Red Line,609949,0,0,0,0.0
2024-01-08,Green Line,261948,0,0,0,0.0
2024-01-09,Red Line,580296,0,0,0,0.0
2024-01-09,Green Line,236827,0,0,0,0.0
2024-01-10,Red Line,553841,0,0,0,0.0
2024-01-10,Green Line,242257,0,0,0,0.0
2024-01-11,Red Line,620538,0,0,0,0.0
2024-01-11,Green Line,252795,0,0,0,0.0
2024-01-12,Red Line,548347,0,0,0,0.0
2024-01-12,Green Line,230784,0,0,0,0.0
2024-01-13,Red Line,617633,1,0,0,0.0
2024-01-13,Green Line,248276,1,0,0,0.0
2024-01-14,Red Line,570472,1,0,0,0.0
2024-01-14,Green Line,225627,1,0,0,0.0
2024-01-15,Red Line,607163,0,0,0,0.0
2024-01-15,Green Line,245556,0,0,0,0.0
2024-01-16,Red Line,582639,0,0,0,0.0
2024-01-16,Green Line,245417,0,0,0,0.0
2024-01-17,Red Line,596897,0,0,0,0.0
2024-01-17,Green Line,250011,0,0,0,0.0
2024-01-18,Red Line,599847,0,0,0,0.0
2024-01-18,Green Line,251823,0,0,0,0.0
2024-01-19,Red Line,540273,0,0,0,0.0
2024-01-19,Green Line,224522,0,0,0,0.0
2024-01-20,Red Line,582436,1,0,0,0.0
2024-01-20,Green Line,232931,1,0,0,0.0
2024-01-21,Red Line,584423,1,0,0,0.0
2024-01-21,Green Line,241762,1,0,0,0.0
2024-01-22,Red Line,569736,0,0,0,0.0
2024-01-22,Green Line,246866,0,0,0,0.0
2024-01-23,Red Line,640534,0,0,0,0.0
2024-01-23,Green Line,254732,0,0,0,0.0
2024-01-24,Red Line,591186,0,0,0,0.0
2024-01-24,Green Line,258111,0,0,0,0.0
2024-01-25,Red Line,615865,0,0,0,0.0
2024-01-25,Green Line,250912,0,0,0,0.0
2024-01-26,Red Line,538077,0,0,0,0.0
2024-01-26,Green Line,233951,0,0,0,0.0
2024-01-27,Red Line,605598,1,0,0,0.0
2024-01-27,Green Line,245722,1,0,0,0.0
2024-01-28,Red Line,548335,1,0,0,0.0
2024-01-28,Green Line,211130,1,0,0,0.0
2024-01-29,Red Line,650068,0,0,0,0.0
2024-01-29,Green Line,241208,0,0,0,0.0
2024-01-30,Red Line,612660,0,0,0,0.0
2024-01-30,Green Line,258483,0,0,0,0.0
2024-01-31,Red Line,615760,0,0,0,0.0
2024-01-31,Green Line,255530,0,0,0,0.0
2024-02-01,Red Line,602721,0,0,0,0.0
2024-02-01,Green Line,238931,0,0,0,0.0
2024-02-02,Red Line,549077,0,0,0,0.0
2024-02-02,Green Line,242405,0,0,0,0.0
2024-02-03,Red Line,618398,1,0,0,0.0
2024-02-03,Green Line,248811,1,0,0,0.0
2024-02-04,Red Line,599646,1,0,0,0.0
2024-02-04,Green Line,243662,1,0,0,0.0
2024-02-05,Red Line,578885,0,0,0,0.0
2024-02-05,Green Line,245464,0,0,0,0.0
2024-02-06,Red Line,643871,0,0,0,0.0
2024-02-06,Green Line,238718,0,0,0,0.0
2024-02-07,Red Line,656076,0,0,0,0.0
2024-02-07,Green Line,233991,0,0,0,0.0
2024-02-08,Red Line,575402,0,0,0,0.0
2024-02-08,Green Line,270879,0,0,0,0.0
2024-02-09,Red Line,579461,0,0,0,0.0
2024-02-09,Green Line,208717,0,0,0,0.0
2024-02-10,Red Line,545551,1,0,0,0.0
2024-02-10,Green Line,199082,1,0,0,0.0
2024-02-11,Red Line,481591,1,0,0,0.0
2024-02-11,Green Line,207217,1,0,0,0.0
2024-02-12,Red Line,590243,0,0,0,0.0
2024-02-12,Green Line,235831,0,0,0,0.0
2024-02-13,Red Line,631542,0,0,0,0.0
2024-02-13,Green Line,250685,0,0,0,0.0
2024-02-14,Red Line,625077,0,0,0,0.0
2024-02-14,Green Line,271896,0,0,0,0.0
2024-02-15,Red Line,651928,0,0,0,0.0
2024-02-15,Green Line,239267,0,0,0,0.0
2024-02-16,Red Line,544324,0,0,0,0.0
2024-02-16,Green Line,224120,0,0,0,0.0
2024-02-17,Red Line,533071,1,0,0,0.0
2024-02-17,Green Line,212399,1,0,0,0.0
2024-02-18,Red Line,490717,1,0,0,0.0
2024-02-18,Green Line,204721,1,0,0,0.0
2024-02-19,Red Line,604995,0,0,0,0.0
2024-02-19,Green Line,257668,0,0,0,0.0
2024-02-20,Red Line,629186,0,0,0,0.0
2024-02-20,Green Line,239972,0,0,0,0.0
2024-02-21,Red Line,641325,0,0,0,0.0
2024-02-21,Green Line,257213,0,0,0,0.0
2024-02-22,Red Line,553129,0,0,0,0.0
2024-02-22,Green Line,249643,0,0,0,0.0
2024-02-23,Red Line,561071,0,0,0,0.0
2024-02-23,Green Line,212765,0,0,0,0.0
2024-02-24,Red Line,535881,1,0,0,0.0
2024-02-24,Green Line,198346,1,0,0,0.0
2024-02-25,Red Line,478236,1,0,0,0.0
2024-02-25,Green Line,197173,1,0,0,0.0
2024-02-26,Red Line,604349,0,0,0,0.0
2024-02-26,Green Line,248304,0,0,0,0.0
2024-02-27,Red Line,590283,0,0,0,0.0
2024-02-27,Green Line,264753,0,0,0,0.0
2024-02-28,Red Line,692174,0,0,0,0.0
2024-02-28,Green Line,249793,0,0,0,0.0
2024-02-29,Red Line,603457,0,0,0,0.0
2024-02-29,Green Line,256459,0,0,0,0.0
2024-03-01,Red Line,521889,0,0,0,0.0
2024-03-01,Green Line,225339,0,0,0,0.0
2024-03-02,Red Line,516802,1,0,0,0.0
2024-03-02,Green Line,207528,1,0,0,0.0
2024-03-03,Red Line,449627,1,0,0,0.0
2024-03-03,Green Line,189321,1,0,0,0.0
2024-03-04,Red Line,557139,0,0,0,0.0
2024-03-04,Green Line,254678,0,0,0,0.0
2024-03-05,Red Line,576906,0,0,0,0.0
2024-03-05,Green Line,254452,0,0,0,0.0
2024-03-06,Red Line,562328,0,0,0,0.0
2024-03-06,Green Line,241941,0,0,0,0.0
2024-03-07,Red Line,571165,0,0,0,0.0
2024-03-07,Green Line,229961,0,0,0,0.0
2024-03-08,Red Line,528762,0,0,0,0.0
2024-03-08,Green Line,226394,0,0,0,0.0
2024-03-09,Red Line,545156,1,0,0,35.2
2024-03-09,Green Line,233311,1,0,0,35.2
2024-03-10,Red Line,456200,1,0,0,0.0
2024-03-10,Green Line,196002,1,0,0,0.0
2024-03-11,Red Line,506364,0,0,1,0.0
2024-03-11,Green Line,193524,0,0,1,0.0
2024-03-12,Red Line,525245,0,0,1,0.0
2024-03-12,Green Line,219600,0,0,1,0.0
2024-03-13,Red Line,543343,0,0,1,0.0
2024-03-13,Green Line,221128,0,0,1,0.0
2024-03-14,Red Line,515945,0,0,1,0.0
2024-03-14,Green Line,204530,0,0,1,0.0
2024-03-15,Red Line,498483,0,0,1,0.0
2024-03-15,Green Line,200443,0,0,1,0.0
2024-03-16,Red Line,420761,1,0,1,0.0
2024-03-16,Green Line,176801,1,0,1,0.0
2024-03-17,Red Line,419558,1,0,1,0.0
2024-03-17,Green Line,163246,1,0,1,0.0
2024-03-18,Red Line,496323,0,0,1,0.0
2024-03-18,Green Line,204410,0,0,1,0.0
2024-03-19,Red Line,511891,0,0,1,0.0
2024-03-19,Green Line,202668,0,0,1,0.0
2024-03-20,Red Line,518402,0,0,1,0.0
2024-03-20,Green Line,204183,0,0,1,0.0
2024-03-21,Red Line,511724,0,0,1,0.0
2024-03-21,Green Line,220155,0,0,1,0.0
2024-03-22,Red Line,500274,0,0,1,0.0
2024-03-22,Green Line,203973,0,0,1,0.0
2024-03-23,Red Line,411174,1,0,1,0.0
2024-03-23,Green Line,181260,1,0,1,0.0
2024-03-24,Red Line,424990,1,0,1,0.0
2024-03-24,Green Line,174152,1,0,1,0.0
2024-03-25,Red Line,506802,0,0,1,0.0
2024-03-25,Green Line,212759,0,0,1,0.0
2024-03-26,Red Line,537744,0,0,1,0.0
2024-03-26,Green Line,203333,0,0,1,0.0
2024-03-27,Red Line,508262,0,0,1,0.0
2024-03-27,Green Line,222209,0,0,1,0.0
2024-03-28,Red Line,553355,0,0,1,0.0
2024-03-28,Green Line,203627,0,0,1,0.0
2024-03-29,Red Line,490473,0,0,1,0.0
2024-03-29,Green Line,195673,0,0,1,0.0
2024-03-30,Red Line,436584,1,0,1,0.0
2024-03-30,Green Line,180253,1,0,1,0.0
2024-03-31,Red Line,394815,1,0,1,0.0
2024-03-31,Green Line,164079,1,0,1,0.0
2024-04-01,Red Line,515525,0,0,1,0.0
2024-04-01,Green Line,215459,0,0,1,0.0
2024-04-02,Red Line,497110,0,0,1,0.0
2024-04-02,Green Line,221297,0,0,1,0.0
2024-04-03,Red Line,486757,0,0,1,0.0
2024-04-03,Green Line,221802,0,0,1,0.0
2024-04-04,Red Line,523892,0,0,1,0.0
2024-04-04,Green Line,207217,0,0,1,0.0
2024-04-05,Red Line,450555,0,0,1,0.0
2024-04-05,Green Line,171162,0,0,1,0.0
2024-04-06,Red Line,400586,1,0,1,0.0
2024-04-06,Green Line,164079,1,0,1,0.0
2024-04-07,Red Line,398893,1,0,1,0.0
2024-04-07,Green Line,164390,1,0,1,0.0
2024-04-08,Red Line,510698,0,0,1,0.0
2024-04-08,Green Line,219346,0,0,1,0.0
2024-04-09,Red Line,489492,0,0,1,0.0
2024-04-09,Green Line,210113,0,0,1,0.0
2024-04-10,Red Line,395375,0,1,0,0.0
2024-04-10,Green Line,163141,0,1,0,0.0
2024-04-11,Red Line,417430,0,1,0,0.0
2024-04-11,Green Line,169023,0,1,0,0.0
2024-04-12,Red Line,364447,0,1,0,0.0
2024-04-12,Green Line,142620,0,1,0,0.0
2024-04-13,Red Line,479681,1,0,0,0.0
2024-04-13,Green Line,196343,1,0,0,0.0
2024-04-14,Red Line,459977,1,0,0,0.0
2024-04-14,Green Line,192883,1,0,0,0.0
2024-04-15,Red Line,510031,0,0,0,0.0
2024-04-15,Green Line,232688,0,0,0,0.0
2024-04-16,Red Line,679553,0,0,0,160.0
2024-04-16,Green Line,261612,0,0,0,160.0
2024-04-17,Red Line,689293,0,0,0,40.0
2024-04-17,Green Line,271503,0,0,0,40.0
2024-04-18,Red Line,565182,0,0,0,0.0
2024-04-18,Green Line,244133,0,0,0,0.0
2024-04-19,Red Line,485429,0,0,0,0.0
2024-04-19,Green Line,230990,0,0,0,0.0
2024-04-20,Red Line,482952,1,0,0,0.0
2024-04-20,Green Line,206050,1,0,0,0.0
2024-04-21,Red Line,461365,1,0,0,0.0
2024-04-21,Green Line,190522,1,0,0,0.0
2024-04-22,Red Line,591722,0,0,0,0.0
2024-04-22,Green Line,219451,0,0,0,0.0
2024-04-23,Red Line,566791,0,0,0,0.0
2024-04-23,Green Line,238215,0,0,0,0.0
2024-04-24,Red Line,569343,0,0,0,0.0
2024-04-24,Green Line,249634,0,0,0,0.0
2024-04-25,Red Line,560517,0,0,0,0.0
2024-04-25,Green Line,220223,0,0,0,0.0
2024-04-26,Red Line,512424,0,0,0,0.0
2024-04-26,Green Line,206767,0,0,0,0.0
2024-04-27,Red Line,457067,1,0,0,0.0
2024-04-27,Green Line,198074,1,0,0,0.0
2024-04-28,Red Line,421360,1,0,0,0.0
2024-04-28,Green Line,183867,1,0,0,0.0
2024-04-29,Red Line,539231,0,0,0,0.0
2024-04-29,Green Line,247600,0,0,0,0.0
2024-04-30,Red Line,585241,0,0,0,0.0
2024-04-30,Green Line,240630,0,0,0,0.0
2024-05-01,Red Line,534883,0,0,0,0.0
2024-05-01,Green Line,233376,0,0,0,0.0
2024-05-02,Red Line,565113,0,0,0,0.0
2024-05-02,Green Line,222159,0,0,0,0.0
2024-05-03,Red Line,489207,0,0,0,0.0
2024-05-03,Green Line,188117,0,0,0,0.0
2024-05-04,Red Line,420074,1,0,0,0.0
2024-05-04,Green Line,169405,1,0,0,0.0
2024-05-05,Red Line,458221,1,0,0,0.0
2024-05-05,Green Line,165936,1,0,0,0.0
2024-05-06,Red Line,542124,0,0,0,0.0
2024-05-06,Green Line,222160,0,0,0,0.0
2024-05-07,Red Line,536932,0,0,0,0.0
2024-05-07,Green Line,228813,0,0,0,0.0
2024-05-08,Red Line,568245,0,0,0,0.0
2024-05-08,Green Line,251083,0,0,0,0.0
2024-05-09,Red Line,544192,0,0,0,0.0
2024-05-09,Green Line,215433,0,0,0,0.0
2024-05-10,Red Line,508183,0,0,0,0.0
2024-05-10,Green Line,208423,0,0,0,0.0
2024-05-11,Red Line,455750,1,0,0,0.0
2024-05-11,Green Line,179089,1,0,0,0.0
2024-05-12,Red Line,412407,1,0,0,0.0
2024-05-12,Green Line,168172,1,0,0,0.0
2024-05-13,Red Line,512664,0,0,0,0.0
2024-05-13,Green Line,228542,0,0,0,0.0
2024-05-14,Red Line,527438,0,0,0,0.0
2024-05-14,Green Line,220378,0,0,0,0.0
2024-05-15,Red Line,558695,0,0,0,0.0
2024-05-15,Green Line,246815,0,0,0,0.0
2024-05-16,Red Line,502405,0,0,0,0.0
2024-05-16,Green Line,220408,0,0,0,0.0
2024-05-17,Red Line,469487,0,0,0,0.0
2024-05-17,Green Line,192285,0,0,0,0.0
2024-05-18,Red Line,458677,1,0,0,0.0
2024-05-18,Green Line,185779,1,0,0,0.0
2024-05-19,Red Line,454444,1,0,0,0.0
2024-05-19,Green Line,184299,1,0,0,0.0
2024-05-20,Red Line,582768,0,0,0,0.0
2024-05-20,Green Line,210117,0,0,0,0.0
2024-05-21,Red Line,506939,0,0,0,0.0
2024-05-21,Green Line,239674,0,0,0,0.0
2024-05-22,Red Line,581195,0,0,0,0.0
2024-05-22,Green Line,234347,0,0,0,0.0
2024-05-23,Red Line,524121,0,0,0,0.0
2024-05-23,Green Line,230697,0,0,0,0.0
2024-05-24,Red Line,474778,0,0,0,0.0
2024-05-24,Green Line,203332,0,0,0,0.0
2024-05-25,Red Line,500087,1,0,0,0.0
2024-05-25,Green Line,180219,1,0,0,0.0
2024-05-26,Red Line,417057,1,0,0,0.0
2024-05-26,Green Line,170996,1,0,0,0.0
2024-05-27,Red Line,475436,0,0,0,0.0
2024-05-27,Green Line,214268,0,0,0,0.0
2024-05-28,Red Line,583061,0,0,0,0.0
2024-05-28,Green Line,207064,0,0,0,0.0
2024-05-29,Red Line,514619,0,0,0,0.0
2024-05-29,Green Line,241453,0,0,0,0.0
2024-05-30,Red Line,584805,0,0,0,0.0
2024-05-30,Green Line,211211,0,0,0,0.0
2024-05-31,Red Line,494589,0,0,0,0.0
2024-05-31,Green Line,212170,0,0,0,0.0
2024-06-01,Red Line,434568,1,0,0,0.0
2024-06-01,Green Line,169057,1,0,0,0.0
2024-06-02,Red Line,380450,1,0,0,0.0
2024-06-02,Green Line,166804,1,0,0,0.0
2024-06-03,Red Line,497602,0,0,0,0.0
2024-06-03,Green Line,205669,0,0,0,0.0
2024-06-04,Red Line,467253,0,0,0,0.0
2024-06-04,Green Line,222330,0,0,0,0.0
2024-06-05,Red Line,503188,0,0,0,0.0
2024-06-05,Green Line,220502,0,0,0,0.0
2024-06-06,Red Line,515847,0,0,0,0.0
2024-06-06,Green Line,189940,0,0,0,0.0
2024-06-07,Red Line,450109,0,0,0,0.0
2024-06-07,Green Line,205515,0,0,0,0.0
2024-06-08,Red Line,437395,1,0,0,0.0
2024-06-08,Green Line,165096,1,0,0,0.0
2024-06-09,Red Line,377212,1,0,0,0.0
2024-06-09,Green Line,164574,1,0,0,0.0
2024-06-10,Red Line,493031,0,0,0,0.0
2024-06-10,Green Line,203583,0,0,0,0.0
2024-06-11,Red Line,487988,0,0,0,0.0
2024-06-11,Green Line,217500,0,0,0,0.0
2024-06-12,Red Line,543990,0,0,0,0.0
2024-06-12,Green Line,218600,0,0,0,0.0
2024-06-13,Red Line,510218,0,0,0,0.0
2024-06-13,Green Line,210546,0,0,0,0.0
2024-06-14,Red Line,436843,0,0,0,0.0
2024-06-14,Green Line,191091,0,0,0,0.0
2024-06-15,Red Line,289209,1,1,0,0.0
2024-06-15,Green Line,118982,1,1,0,0.0
2024-06-16,Red Line,260150,1,1,0,0.0
2024-06-16,Green Line,108328,1,1,0,0.0
2024-06-17,Red Line,339002,0,1,0,0.0
2024-06-17,Green Line,133494,0,1,0,0.0
2024-06-18,Red Line,380766,0,1,0,0.0
2024-06-18,Green Line,148481,0,1,0,0.0
2024-06-19,Red Line,362636,0,1,0,0.0
2024-06-19,Green Line,148028,0,1,0,0.0
2024-06-20,Red Line,544498,0,0,0,0.0
2024-06-20,Green Line,213739,0,0,0,0.0
2024-06-21,Red Line,489501,0,0,0,0.0
2024-06-21,Green Line,176652,0,0,0,0.0
2024-06-22,Red Line,424023,1,0,0,0.0
2024-06-22,Green Line,169759,1,0,0,0.0
2024-06-23,Red Line,409639,1,0,0,0.0
2024-06-23,Green Line,155866,1,0,0,0.0
2024-06-24,Red Line,446035,0,0,0,0.0
2024-06-24,Green Line,197305,0,0,0,0.0
2024-06-25,Red Line,497406,0,0,0,0.0
2024-06-25,Green Line,217836,0,0,0,0.0
2024-06-26,Red Line,497105,0,0,0,0.0
2024-06-26,Green Line,208721,0,0,0,0.0
2024-06-27,Red Line,527138,0,0,0,0.0
2024-06-27,Green Line,193193,0,0,0,0.0
2024-06-28,Red Line,427374,0,0,0,0.0
2024-06-28,Green Line,193696,0,0,0,0.0
2024-06-29,Red Line,438935,1,0,0,0.0
2024-06-29,Green Line,176784,1,0,0,0.0
2024-06-30,Red Line,429704,1,0,0,0.0
2024-06-30,Green Line,160107,1,0,0,0.0
2024-07-01,Red Line,465324,0,0,0,0.0
2024-07-01,Green Line,194983,0,0,0,0.0
2024-07-02,Red Line,485017,0,0,0,0.0
2024-07-02,Green Line,188336,0,0,0,0.0
2024-07-03,Red Line,499771,0,0,0,0.0
2024-07-03,Green Line,202339,0,0,0,0.0
2024-07-04,Red Line,517601,0,0,0,0.0
2024-07-04,Green Line,201723,0,0,0,0.0
2024-07-05,Red Line,440689,0,0,0,0.0
2024-07-05,Green Line,184373,0,0,0,0.0
2024-07-06,Red Line,397475,1,0,0,0.0
2024-07-06,Green Line,177320,1,0,0,0.0
2024-07-07,Red Line,271094,1,1,0,0.0
2024-07-07,Green Line,100456,1,1,0,0.0
2024-07-08,Red Line,504735,0,0,0,0.0
2024-07-08,Green Line,191677,0,0,0,0.0
2024-07-09,Red Line,486037,0,0,0,0.0
2024-07-09,Green Line,195538,0,0,0,0.0
2024-07-10,Red Line,495701,0,0,0,0.0
2024-07-10,Green Line,209026,0,0,0,0.0
2024-07-11,Red Line,418108,0,0,0,0.0
2024-07-11,Green Line,201309,0,0,0,0.0
2024-07-12,Red Line,413274,0,0,0,0.0
2024-07-12,Green Line,180078,0,0,0,0.0
2024-07-13,Red Line,383503,1,0,0,0.0
2024-07-13,Green Line,174882,1,0,0,0.0
2024-07-14,Red Line,383801,1,0,0,0.0
2024-07-14,Green Line,159026,1,0,0,0.0
2024-07-15,Red Line,457763,0,0,0,0.0
2024-07-15,Green Line,179712,0,0,0,0.0
2024-07-16,Red Line,461834,0,0,0,0.0
2024-07-16,Green Line,208665,0,0,0,0.0
2024-07-17,Red Line,469981,0,0,0,0.0
2024-07-17,Green Line,204770,0,0,0,0.0
2024-07-18,Red Line,481753,0,0,0,0.0
2024-07-18,Green Line,212181,0,0,0,0.0
2024-07-19,Red Line,446947,0,0,0,0.0
2024-07-19,Green Line,166441,0,0,0,0.0
2024-07-20,Red Line,412688,1,0,0,0.0
2024-07-20,Green Line,161045,1,0,0,0.0
2024-07-21,Red Line,389705,1,0,0,0.0
2024-07-21,Green Line,154517,1,0,0,0.0
2024-07-22,Red Line,479164,0,0,0,0.0
2024-07-22,Green Line,196456,0,0,0,0.0
2024-07-23,Red Line,474007,0,0,0,0.0
2024-07-23,Green Line,198098,0,0,0,0.0
2024-07-24,Red Line,452010,0,0,0,0.0
2024-07-24,Green Line,207294,0,0,0,0.0
2024-07-25,Red Line,465103,0,0,0,0.0
2024-07-25,Green Line,212495,0,0,0,0.0
2024-07-26,Red Line,428019,0,0,0,0.0
2024-07-26,Green Line,180895,0,0,0,0.0
2024-07-27,Red Line,415900,1,0,0,0.0
2024-07-27,Green Line,156316,1,0,0,0.0
2024-07-28,Red Line,356091,1,0,0,0.0
2024-07-28,Green Line,150535,1,0,0,0.0
2024-07-29,Red Line,461127,0,0,0,0.0
2024-07-29,Green Line,201157,0,0,0,0.0
2024-07-30,Red Line,469207,0,0,0,0.0
2024-07-30,Green Line,208255,0,0,0,0.0
2024-07-31,Red Line,466899,0,0,0,0.0
2024-07-31,Green Line,206148,0,0,0,0.0
2024-08-01,Red Line,516717,0,0,0,0.0
2024-08-01,Green Line,196950,0,0,0,0.0
2024-08-02,Red Line,396871,0,0,0,0.0
2024-08-02,Green Line,178357,0,0,0,0.0
2024-08-03,Red Line,371866,1,0,0,0.0
2024-08-03,Green Line,162594,1,0,0,0.0
2024-08-04,Red Line,399161,1,0,0,0.0
2024-08-04,Green Line,155480,1,0,0,0.0
2024-08-05,Red Line,485139,0,0,0,0.0
2024-08-05,Green Line,191896,0,0,0,0.0
2024-08-06,Red Line,477725,0,0,0,0.0
2024-08-06,Green Line,199970,0,0,0,0.0
2024-08-07,Red Line,500377,0,0,0,0.0
2024-08-07,Green Line,195075,0,0,0,0.0
2024-08-08,Red Line,483418,0,0,0,0.0
2024-08-08,Green Line,194958,0,0,0,0.0
2024-08-09,Red Line,457519,0,0,0,0.0
2024-08-09,Green Line,193996,0,0,0,0.0
2024-08-10,Red Line,385244,1,0,0,0.0
2024-08-10,Green Line,165135,1,0,0,0.0
2024-08-11,Red Line,372263,1,0,0,0.0
2024-08-11,Green Line,164141,1,0,0,0.0
2024-08-12,Red Line,500001,0,0,0,0.0
2024-08-12,Green Line,196295,0,0,0,0.0
2024-08-13,Red Line,480961,0,0,0,0.0
2024-08-13,Green Line,198632,0,0,0,0.0
2024-08-14,Red Line,514027,0,0,0,0.0
2024-08-14,Green Line,192440,0,0,0,0.0
2024-08-15,Red Line,431070,0,0,0,0.0
2024-08-15,Green Line,204377,0,0,0,0.0
2024-08-16,Red Line,428078,0,0,0,0.0
2024-08-16,Green Line,181172,0,0,0,0.0
2024-08-17,Red Line,404655,1,0,0,0.0
2024-08-17,Green Line,167164,1,0,0,0.0
2024-08-18,Red Line,394602,1,0,0,0.0
2024-08-18,Green Line,159348,1,0,0,0.0
2024-08-19,Red Line,437481,0,0,0,0.0
2024-08-19,Green Line,190577,0,0,0,0.0
2024-08-20,Red Line,451779,0,0,0,0.0
2024-08-20,Green Line,185686,0,0,0,0.0
2024-08-21,Red Line,510591,0,0,0,0.0
2024-08-21,Green Line,195918,0,0,0,0.0
2024-08-22,Red Line,496777,0,0,0,0.0
2024-08-22,Green Line,195001,0,0,0,0.0
2024-08-23,Red Line,438678,0,0,0,0.0
2024-08-23,Green Line,178218,0,0,0,0.0
2024-08-24,Red Line,415340,1,0,0,0.0
2024-08-24,Green Line,173276,1,0,0,0.0
2024-08-25,Red Line,398622,1,0,0,0.0
2024-08-25,Green Line,148438,1,0,0,0.0
2024-08-26,Red Line,491547,0,0,0,0.0
2024-08-26,Green Line,197757,0,0,0,0.0
2024-08-27,Red Line,514332,0,0,0,0.0
2024-08-27,Green Line,210995,0,0,0,0.0
2024-08-28,Red Line,454692,0,0,0,0.0
2024-08-28,Green Line,214632,0,0,0,0.0
2024-08-29,Red Line,472702,0,0,0,0.0
2024-08-29,Green Line,197428,0,0,0,0.0
2024-08-30,Red Line,454221,0,0,0,0.0
2024-08-30,Green Line,183659,0,0,0,0.0
2024-08-31,Red Line,415811,1,0,0,0.0
2024-08-31,Green Line,160960,1,0,0,0.0
2024-09-01,Red Line,404583,1,0,0,0.0
2024-09-01,Green Line,169455,1,0,0,0.0
2024-09-02,Red Line,517659,0,0,0,0.0
2024-09-02,Green Line,215838,0,0,0,0.0
2024-09-03,Red Line,576397,0,0,0,0.0
2024-09-03,Green Line,218333,0,0,0,0.0
2024-09-04,Red Line,560758,0,0,0,0.0
2024-09-04,Green Line,234360,0,0,0,0.0
2024-09-05,Red Line,496015,0,0,0,0.0
2024-09-05,Green Line,227394,0,0,0,0.0
2024-09-06,Red Line,466986,0,0,0,0.0
2024-09-06,Green Line,186426,0,0,0,0.0
2024-09-07,Red Line,432122,1,0,0,0.0
2024-09-07,Green Line,180207,1,0,0,0.0
2024-09-08,Red Line,432878,1,0,0,0.0
2024-09-08,Green Line,169589,1,0,0,0.0
2024-09-09,Red Line,512817,0,0,0,0.0
2024-09-09,Green Line,207737,0,0,0,0.0
2024-09-10,Red Line,534922,0,0,0,0.0
2024-09-10,Green Line,222154,0,0,0,0.0
2024-09-11,Red Line,512653,0,0,0,0.0
2024-09-11,Green Line,223709,0,0,0,0.0
2024-09-12,Red Line,517953,0,0,0,0.0
2024-09-12,Green Line,218218,0,0,0,0.0
2024-09-13,Red Line,492013,0,0,0,0.0
2024-09-13,Green Line,201768,0,0,0,0.0
2024-09-14,Red Line,425160,1,0,0,0.0
2024-09-14,Green Line,174003,1,0,0,0.0
2024-09-15,Red Line,305015,1,1,0,0.0
2024-09-15,Green Line,124422,1,1,0,0.0
2024-09-16,Red Line,489760,0,0,0,0.0
2024-09-16,Green Line,206226,0,0,0,0.0
2024-09-17,Red Line,534935,0,0,0,0.0
2024-09-17,Green Line,223384,0,0,0,0.0
2024-09-18,Red Line,561513,0,0,0,0.0
2024-09-18,Green Line,234910,0,0,0,0.0
2024-09-19,Red Line,550313,0,0,0,0.0
2024-09-19,Green Line,207884,0,0,0,0.0
2024-09-20,Red Line,455925,0,0,0,0.0
2024-09-20,Green Line,207962,0,0,0,0.0
2024-09-21,Red Line,448003,1,0,0,0.0
2024-09-21,Green Line,181838,1,0,0,0.0
2024-09-22,Red Line,414401,1,0,0,0.0
2024-09-22,Green Line,158562,1,0,0,0.0
2024-09-23,Red Line,546271,0,0,0,0.0
2024-09-23,Green Line,223071,0,0,0,0.0
2024-09-24,Red Line,533307,0,0,0,0.0
2024-09-24,Green Line,201292,0,0,0,0.0
2024-09-25,Red Line,543179,0,0,0,0.0
2024-09-25,Green Line,219854,0,0,0,0.0
2024-09-26,Red Line,548494,0,0,0,0.0
2024-09-26,Green Line,218548,0,0,0,0.0
2024-09-27,Red Line,469186,0,0,0,0.0
2024-09-27,Green Line,205238,0,0,0,0.0
2024-09-28,Red Line,446841,1,0,0,0.0
2024-09-28,Green Line,184571,1,0,0,0.0
2024-09-29,Red Line,437038,1,0,0,0.0
2024-09-29,Green Line,172215,1,0,0,0.0
2024-09-30,Red Line,521028,0,0,0,0.0
2024-09-30,Green Line,217558,0,0,0,0.0
2024-10-01,Red Line,583945,0,0,0,0.0
2024-10-01,Green Line,230447,0,0,0,0.0
2024-10-02,Red Line,611370,0,0,0,0.0
2024-10-02,Green Line,250340,0,0,0,0.0
2024-10-03,Red Line,591244,0,0,0,0.0
2024-10-03,Green Line,246961,0,0,0,0.0
2024-10-04,Red Line,529062,0,0,0,0.0
2024-10-04,Green Line,216860,0,0,0,0.0
2024-10-05,Red Line,481433,1,0,0,0.0
2024-10-05,Green Line,208019,1,0,0,0.0
2024-10-06,Red Line,459504,1,0,0,0.0
2024-10-06,Green Line,201362,1,0,0,0.0
2024-10-07,Red Line,588572,0,0,0,0.0
2024-10-07,Green Line,226437,0,0,0,0.0
2024-10-08,Red Line,585235,0,0,0,0.0
2024-10-08,Green Line,234540,0,0,0,0.0
2024-10-09,Red Line,589741,0,0,0,0.0
2024-10-09,Green Line,242665,0,0,0,0.0
2024-10-10,Red Line,613157,0,0,0,0.0
2024-10-10,Green Line,230360,0,0,0,0.0
2024-10-11,Red Line,575759,0,0,0,0.0
2024-10-11,Green Line,230923,0,0,0,0.0
2024-10-12,Red Line,481813,1,0,0,0.0
2024-10-12,Green Line,194781,1,0,0,0.0
2024-10-13,Red Line,448641,1,0,0,0.0
2024-10-13,Green Line,188235,1,0,0,0.0
2024-10-14,Red Line,515489,0,0,0,0.0
2024-10-14,Green Line,209607,0,0,0,0.0
2024-10-15,Red Line,643566,0,0,0,0.0
2024-10-15,Green Line,235217,0,0,0,0.0
2024-10-16,Red Line,574325,0,0,0,0.0
2024-10-16,Green Line,247161,0,0,0,0.0
2024-10-17,Red Line,561356,0,0,0,0.0
2024-10-17,Green Line,234592,0,0,0,0.0
2024-10-18,Red Line,500036,0,0,0,0.0
2024-10-18,Green Line,213026,0,0,0,0.0
2024-10-19,Red Line,498808,1,0,0,0.0
2024-10-19,Green Line,191492,1,0,0,0.0
2024-10-20,Red Line,483973,1,0,0,0.0
2024-10-20,Green Line,191626,1,0,0,0.0
2024-10-21,Red Line,526853,0,0,0,0.0
2024-10-21,Green Line,235292,0,0,0,0.0
2024-10-22,Red Line,543130,0,0,0,0.0
2024-10-22,Green Line,235570,0,0,0,0.0
2024-10-23,Red Line,583068,0,0,0,0.0
2024-10-23,Green Line,243721,0,0,0,0.0
2024-10-24,Red Line,569279,0,0,0,0.0
2024-10-24,Green Line,240752,0,0,0,0.0
2024-10-25,Red Line,518922,0,0,0,0.0
2024-10-25,Green Line,202266,0,0,0,0.0
2024-10-26,Red Line,487376,1,0,0,0.0
2024-10-26,Green Line,203492,1,0,0,0.0
2024-10-27,Red Line,441875,1,0,0,0.0
2024-10-27,Green Line,175062,1,0,0,0.0
2024-10-28,Red Line,602110,0,0,0,0.0
2024-10-28,Green Line,252954,0,0,0,0.0
2024-10-29,Red Line,538521,0,0,0,0.0
2024-10-29,Green Line,228765,0,0,0,0.0
2024-10-30,Red Line,577932,0,0,0,0.0
2024-10-30,Green Line,241090,0,0,0,0.0
2024-10-31,Red Line,585794,0,0,0,0.0
2024-10-31,Green Line,243608,0,0,0,0.0
2024-11-01,Red Line,546258,0,0,0,0.0
2024-11-01,Green Line,214420,0,0,0,0.0
2024-11-02,Red Line,514849,1,0,0,0.0
2024-11-02,Green Line,200064,1,0,0,0.0
2024-11-03,Red Line,489031,1,0,0,0.0
2024-11-03,Green Line,190273,1,0,0,0.0
2024-11-04,Red Line,594595,0,0,0,0.0
2024-11-04,Green Line,251566,0,0,0,0.0
2024-11-05,Red Line,600719,0,0,0,0.0
2024-11-05,Green Line,261320,0,0,0,0.0
2024-11-06,Red Line,606099,0,0,0,0.0
2024-11-06,Green Line,248637,0,0,0,0.0
2024-11-07,Red Line,591802,0,0,0,0.0
2024-11-07,Green Line,253254,0,0,0,0.0
2024-11-08,Red Line,535723,0,0,0,0.0
2024-11-08,Green Line,222984,0,0,0,0.0
2024-11-09,Red Line,512126,1,0,0,0.0
2024-11-09,Green Line,219585,1,0,0,0.0
2024-11-10,Red Line,483236,1,0,0,0.0
2024-11-10,Green Line,192644,1,0,0,0.0
2024-11-11,Red Line,564345,0,0,0,0.0
2024-11-11,Green Line,237427,0,0,0,0.0
2024-11-12,Red Line,606428,0,0,0,0.0
2024-11-12,Green Line,245157,0,0,0,0.0
2024-11-13,Red Line,607868,0,0,0,0.0
2024-11-13,Green Line,246909,0,0,0,0.0
2024-11-14,Red Line,635799,0,0,0,0.0
2024-11-14,Green Line,237987,0,0,0,0.0
2024-11-15,Red Line,507760,0,0,0,0.0
2024-11-15,Green Line,231642,0,0,0,0.0
2024-11-16,Red Line,527260,1,0,0,0.0
2024-11-16,Green Line,223142,1,0,0,0.0
2024-11-17,Red Line,499636,1,0,0,0.0
2024-11-17,Green Line,191469,1,0,0,0.0
2024-11-18,Red Line,622464,0,0,0,0.0
2024-11-18,Green Line,245391,0,0,0,0.0
2024-11-19,Red Line,620956,0,0,0,0.0
2024-11-19,Green Line,256275,0,0,0,0.0
2024-11-20,Red Line,619714,0,0,0,0.0
2024-11-20,Green Line,222108,0,0,0,0.0
2024-11-21,Red Line,620842,0,0,0,0.0
2024-11-21,Green Line,258182,0,0,0,0.0
2024-11-22,Red Line,541102,0,0,0,0.0
2024-11-22,Green Line,230801,0,0,0,0.0
2024-11-23,Red Line,488984,1,0,0,0.0
2024-11-23,Green Line,214916,1,0,0,0.0
2024-11-24,Red Line,482951,1,0,0,0.0
2024-11-24,Green Line,191336,1,0,0,0.0
2024-11-25,Red Line,548620,0,0,0,0.0
2024-11-25,Green Line,259136,0,0,0,0.0
2024-11-26,Red Line,583657,0,0,0,0.0
2024-11-26,Green Line,252955,0,0,0,0.0
2024-11-27,Red Line,652492,0,0,0,0.0
2024-11-27,Green Line,253894,0,0,0,0.0
2024-11-28,Red Line,585676,0,0,0,0.0
2024-11-28,Green Line,270095,0,0,0,0.0
2024-11-29,Red Line,545272,0,0,0,0.0
2024-11-29,Green Line,230042,0,0,0,0.0
2024-11-30,Red Line,565051,1,0,0,30.0
2024-11-30,Green Line,252968,1,0,0,30.0
2024-12-01,Red Line,326269,1,1,0,0.0
2024-12-01,Green Line,135336,1,1,0,0.0
2024-12-02,Red Line,381589,0,1,0,0.0
2024-12-02,Green Line,169458,0,1,0,0.0
2024-12-03,Red Line,412717,0,1,0,0.0
2024-12-03,Green Line,188869,0,1,0,0.0
2024-12-04,Red Line,613667,0,0,0,0.0
2024-12-04,Green Line,252587,0,0,0,0.0
2024-12-05,Red Line,571599,0,0,0,0.0
2024-12-05,Green Line,257953,0,0,0,0.0
2024-12-06,Red Line,519155,0,0,0,0.0
2024-12-06,Green Line,228912,0,0,0,0.0
2024-12-07,Red Line,526352,1,0,0,0.0
2024-12-07,Green Line,208489,1,0,0,0.0
2024-12-08,Red Line,544323,1,0,0,0.0
2024-12-08,Green Line,234227,1,0,0,0.0
2024-12-09,Red Line,583341,0,0,0,0.0
2024-12-09,Green Line,243333,0,0,0,0.0
2024-12-10,Red Line,570284,0,0,0,0.0
2024-12-10,Green Line,242190,0,0,0,0.0
2024-12-11,Red Line,559430,0,0,0,0.0
2024-12-11,Green Line,257338,0,0,0,0.0
2024-12-12,Red Line,633541,0,0,0,0.0
2024-12-12,Green Line,232242,0,0,0,0.0
2024-12-13,Red Line,505464,0,0,0,0.0
2024-12-13,Green Line,229755,0,0,0,0.0
2024-12-14,Red Line,624746,1,0,0,0.0
2024-12-14,Green Line,229453,1,0,0,0.0
2024-12-15,Red Line,592160,1,0,0,11.0
2024-12-15,Green Line,229226,1,0,0,11.0
2024-12-16,Red Line,539893,0,0,0,0.0
2024-12-16,Green Line,242987,0,0,0,0.0
2024-12-17,Red Line,590868,0,0,0,0.0
2024-12-17,Green Line,269709,0,0,0,0.0
2024-12-18,Red Line,662484,0,0,0,0.0
2024-12-18,Green Line,252863,0,0,0,0.0
2024-12-19,Red Line,587627,0,0,0,0.0
2024-12-19,Green Line,265569,0,0,0,0.0
2024-12-20,Red Line,555038,0,0,0,0.0
2024-12-20,Green Line,226729,0,0,0,0.0
2024-12-21,Red Line,616087,1,0,0,0.0
2024-12-21,Green Line,237461,1,0,0,0.0
2024-12-22,Red Line,576102,1,0,0,0.0
2024-12-22,Green Line,229607,1,0,0,0.0
2024-12-23,Red Line,574388,0,0,0,0.0
2024-12-23,Green Line,255859,0,0,0,0.0
2024-12-24,Red Line,614019,0,0,0,0.0
2024-12-24,Green Line,239833,0,0,0,0.0
2024-12-25,Red Line,565694,0,0,0,0.0
2024-12-25,Green Line,253334,0,0,0,0.0
2024-12-26,Red Line,628865,0,0,0,0.0
2024-12-26,Green Line,248078,0,0,0,0.0
2024-12-27,Red Line,538190,0,0,0,0.0
2024-12-27,Green Line,215819,0,0,0,0.0
2024-12-28,Red Line,564173,1,0,0,0.0
2024-12-28,Green Line,223761,1,0,0,0.0
2024-12-29,Red Line,610258,1,0,0,0.0
2024-12-29,Green Line,218831,1,0,0,0.0
2024-12-30,Red Line,579432,0,0,0,0.0
2024-12-30,Green Line,243566,0,0,0,0.0
2024-12-31,Red Line,589418,0,0,0,0.0
2024-12-31,Green Line,249003,0,0,0,0.0
2025-01-01,Red Line,464262,0,1,0,0.0
2025-01-01,Green Line,173338,0,1,0,0.0
2025-01-02,Red Line,645783,0,0,0,0.0
2025-01-02,Green Line,281293,0,0,0,0.0
2025-01-03,Red Line,641865,0,0,0,0.0
2025-01-03,Green Line,226382,0,0,0,0.0
2025-01-04,Red Line,641857,1,0,0,0.0
2025-01-04,Green Line,252492,1,0,0,0.0
2025-01-05,Red Line,579263,1,0,0,0.0
2025-01-05,Green Line,244765,1,0,0,0.0
2025-01-06,Red Line,569622,0,0,0,0.0
2025-01-06,Green Line,264033,0,0,0,0.0
2025-01-07,Red Line,662642,0,0,0,0.0
2025-01-07,Green Line,275665,0,0,0,0.0
2025-01-08,Red Line,631810,0,0,0,0.0
2025-01-08,Green Line,268850,0,0,0,0.0
2025-01-09,Red Line,642866,0,0,0,0.0
2025-01-09,Green Line,240227,0,0,0,0.0
2025-01-10,Red Line,555331,0,0,0,0.0
2025-01-10,Green Line,241354,0,0,0,0.0
2025-01-11,Red Line,654957,1,0,0,0.0
2025-01-11,Green Line,271772,1,0,0,0.0
2025-01-12,Red Line,614618,1,0,0,13.0
2025-01-12,Green Line,261604,1,0,0,13.0
2025-01-13,Red Line,593030,0,0,0,0.0
2025-01-13,Green Line,276720,0,0,0,0.0
2025-01-14,Red Line,666564,0,0,0,0.0
2025-01-14,Green Line,265346,0,0,0,0.0
2025-01-15,Red Line,699965,0,0,0,0.0
2025-01-15,Green Line,263054,0,0,0,0.0
2025-01-16,Red Line,664036,0,0,0,0.0
2025-01-16,Green Line,251530,0,0,0,0.0
2025-01-17,Red Line,572452,0,0,0,0.0
2025-01-17,Green Line,242655,0,0,0,0.0
2025-01-18,Red Line,659349,1,0,0,0.0
2025-01-18,Green Line,249335,1,0,0,0.0
2025-01-19,Red Line,604184,1,0,0,0.0
2025-01-19,Green Line,248291,1,0,0,0.0
2025-01-20,Red Line,589022,0,0,0,0.0
2025-01-20,Green Line,274711,0,0,0,0.0
2025-01-21,Red Line,666963,0,0,0,0.0
2025-01-21,Green Line,277201,0,0,0,0.0
2025-01-22,Red Line,649518,0,0,0,0.0
2025-01-22,Green Line,275292,0,0,0,0.0
2025-01-23,Red Line,644752,0,0,0,0.0
2025-01-23,Green Line,257533,0,0,0,0.0
2025-01-24,Red Line,572236,0,0,0,0.0
2025-01-24,Green Line,227461,0,0,0,0.0
2025-01-25,Red Line,626712,1,0,0,0.0
2025-01-25,Green Line,252125,1,0,0,0.0
2025-01-26,Red Line,570248,1,0,0,0.0
2025-01-26,Green Line,244065,1,0,0,0.0
2025-01-27,Red Line,584252,0,0,0,0.0
2025-01-27,Green Line,253255,0,0,0,0.0
2025-01-28,Red Line,584379,0,0,0,0.0
2025-01-28,Green Line,271919,0,0,0,0.0
2025-01-29,Red Line,652143,0,0,0,0.0
2025-01-29,Green Line,277710,0,0,0,0.0
2025-01-30,Red Line,648583,0,0,0,0.0
2025-01-30,Green Line,261361,0,0,0,0.0
2025-01-31,Red Line,590843,0,0,0,0.0
2025-01-31,Green Line,236167,0,0,0,0.0
2025-02-01,Red Line,663664,1,0,0,0.0
2025-02-01,Green Line,256575,1,0,0,0.0
2025-02-02,Red Line,577650,1,0,0,0.0
2025-02-02,Green Line,258560,1,0,0,0.0
2025-02-03,Red Line,660018,0,0,0,0.0
2025-02-03,Green Line,244502,0,0,0,0.0
2025-02-04,Red Line,639369,0,0,0,0.0
2025-02-04,Green Line,271038,0,0,0,0.0
2025-02-05,Red Line,629530,0,0,0,0.0
2025-02-05,Green Line,289592,0,0,0,0.0
2025-02-06,Red Line,656931,0,0,0,0.0
2025-02-06,Green Line,271878,0,0,0,0.0
2025-02-07,Red Line,628264,0,0,0,0.0
2025-02-07,Green Line,256063,0,0,0,0.0
2025-02-08,Red Line,541421,1,0,0,0.0
2025-02-08,Green Line,227689,1,0,0,0.0
2025-02-09,Red Line,526072,1,0,0,0.0
2025-02-09,Green Line,212452,1,0,0,0.0
2025-02-10,Red Line,634007,0,0,0,0.0
2025-02-10,Green Line,249496,0,0,0,0.0
2025-02-11,Red Line,702128,0,0,0,0.0
2025-02-11,Green Line,278586,0,0,0,0.0
2025-02-12,Red Line,663864,0,0,0,0.0
2025-02-12,Green Line,282923,0,0,0,0.0
2025-02-13,Red Line,658793,0,0,0,0.0
2025-02-13,Green Line,256441,0,0,0,0.0
2025-02-14,Red Line,594635,0,0,0,0.0
2025-02-14,Green Line,238571,0,0,0,0.0
2025-02-15,Red Line,540026,1,0,0,0.0
2025-02-15,Green Line,222324,1,0,0,0.0
2025-02-16,Red Line,526959,1,0,0,0.0
2025-02-16,Green Line,212830,1,0,0,0.0
2025-02-17,Red Line,587021,0,0,0,0.0
2025-02-17,Green Line,254789,0,0,0,0.0
2025-02-18,Red Line,668152,0,0,0,0.0
2025-02-18,Green Line,264797,0,0,0,0.0
2025-02-19,Red Line,640817,0,0,0,0.0
2025-02-19,Green Line,267396,0,0,0,0.0
2025-02-20,Red Line,831502,0,0,0,25.9
2025-02-20,Green Line,300925,0,0,0,25.9
2025-02-21,Red Line,592686,0,0,0,0.0
2025-02-21,Green Line,245476,0,0,0,0.0
2025-02-22,Red Line,521800,1,0,0,0.0
2025-02-22,Green Line,219182,1,0,0,0.0
2025-02-23,Red Line,513144,1,0,0,0.0
2025-02-23,Green Line,205278,1,0,0,0.0
2025-02-24,Red Line,617371,0,0,0,0.0
2025-02-24,Green Line,256300,0,0,0,0.0
2025-02-25,Red Line,644841,0,0,0,0.0
2025-02-25,Green Line,254821,0,0,0,0.0
2025-02-26,Red Line,666641,0,0,0,0.0
2025-02-26,Green Line,261735,0,0,0,0.0
2025-02-27,Red Line,597536,0,0,0,0.0
2025-02-27,Green Line,252336,0,0,0,0.0
2025-02-28,Red Line,567138,0,0,0,0.0
2025-02-28,Green Line,238291,0,0,0,0.0
2025-03-01,Red Line,453353,1,0,1,0.0
2025-03-01,Green Line,185003,1,0,1,0.0
2025-03-02,Red Line,456782,1,0,1,0.0
2025-03-02,Green Line,168956,1,0,1,0.0
2025-03-03,Red Line,526385,0,0,1,0.0
2025-03-03,Green Line,237218,0,0,1,0.0
2025-03-04,Red Line,544210,0,0,1,0.0
2025-03-04,Green Line,227768,0,0,1,0.0
2025-03-05,Red Line,557474,0,0,1,0.0
2025-03-05,Green Line,228552,0,0,1,0.0
2025-03-06,Red Line,591779,0,0,1,0.0
2025-03-06,Green Line,228039,0,0,1,0.0
2025-03-07,Red Line,461239,0,0,1,0.0
2025-03-07,Green Line,204865,0,0,1,0.0
2025-03-08,Red Line,454120,1,0,1,0.0
2025-03-08,Green Line,199736,1,0,1,0.0
2025-03-09,Red Line,427859,1,0,1,0.0
2025-03-09,Green Line,179798,1,0,1,0.0
2025-03-10,Red Line,558959,0,0,1,0.0
2025-03-10,Green Line,234291,0,0,1,0.0
2025-03-11,Red Line,569309,0,0,1,0.0
2025-03-11,Green Line,240708,0,0,1,0.0
2025-03-12,Red Line,571584,0,0,1,0.0
2025-03-12,Green Line,249871,0,0,1,0.0
2025-03-13,Red Line,563138,0,0,1,0.0
2025-03-13,Green Line,229120,0,0,1,0.0
2025-03-14,Red Line,497047,0,0,1,0.0
2025-03-14,Green Line,222059,0,0,1,0.0
2025-03-15,Red Line,449529,1,0,1,0.0
2025-03-15,Green Line,184578,1,0,1,0.0
2025-03-16,Red Line,454633,1,0,1,0.0
2025-03-16,Green Line,183999,1,0,1,0.0
2025-03-17,Red Line,552325,0,0,1,0.0
2025-03-17,Green Line,227362,0,0,1,0.0
2025-03-18,Red Line,535685,0,0,1,0.0
2025-03-18,Green Line,232842,0,0,1,0.0
2025-03-19,Red Line,589630,0,0,1,0.0
2025-03-19,Green Line,226850,0,0,1,0.0
2025-03-20,Red Line,537887,0,0,1,0.0
2025-03-20,Green Line,245325,0,0,1,0.0
2025-03-21,Red Line,483932,0,0,1,0.0
2025-03-21,Green Line,208243,0,0,1,0.0
2025-03-22,Red Line,471631,1,0,1,0.0
2025-03-22,Green Line,180757,1,0,1,0.0
2025-03-23,Red Line,462220,1,0,1,0.0
2025-03-23,Green Line,176309,1,0,1,0.0
2025-03-24,Red Line,522658,0,0,1,0.0
2025-03-24,Green Line,234516,0,0,1,0.0
2025-03-25,Red Line,547071,0,0,1,0.0
2025-03-25,Green Line,225516,0,0,1,0.0
2025-03-26,Red Line,523006,0,0,1,0.0
2025-03-26,Green Line,233495,0,0,1,0.0
2025-03-27,Red Line,549786,0,0,1,0.0
2025-03-27,Green Line,225622,0,0,1,0.0
2025-03-28,Red Line,440282,0,0,1,0.0
2025-03-28,Green Line,211224,0,0,1,0.0
2025-03-29,Red Line,459538,1,0,1,0.0
2025-03-29,Green Line,172759,1,0,1,0.0
2025-03-30,Red Line,329373,1,1,0,0.0
2025-03-30,Green Line,138817,1,1,0,0.0
2025-03-31,Red Line,435333,0,1,0,0.0
2025-03-31,Green Line,182477,0,1,0,0.0
2025-04-01,Red Line,415559,0,1,0,0.0
2025-04-01,Green Line,177351,0,1,0,0.0
2025-04-02,Red Line,467573,0,1,0,10.0
2025-04-02,Green Line,186060,0,1,0,10.0
2025-04-03,Red Line,636430,0,0,0,0.0
2025-04-03,Green Line,249225,0,0,0,0.0
2025-04-04,Red Line,520126,0,0,0,0.0
2025-04-04,Green Line,229730,0,0,0,0.0
2025-04-05,Red Line,493916,1,0,0,0.0
2025-04-05,Green Line,214193,1,0,0,0.0
2025-04-06,Red Line,458544,1,0,0,0.0
2025-04-06,Green Line,187500,1,0,0,0.0
2025-04-07,Red Line,576549,0,0,0,0.0
2025-04-07,Green Line,253684,0,0,0,0.0
2025-04-08,Red Line,644944,0,0,0,0.0
2025-04-08,Green Line,250987,0,0,0,0.0
2025-04-09,Red Line,639676,0,0,0,0.0
2025-04-09,Green Line,267333,0,0,0,0.0
2025-04-10,Red Line,602166,0,0,0,0.0
2025-04-10,Green Line,254041,0,0,0,0.0
2025-04-11,Red Line,566716,0,0,0,0.0
2025-04-11,Green Line,221148,0,0,0,0.0
2025-04-12,Red Line,525038,1,0,0,0.0
2025-04-12,Green Line,210351,1,0,0,0.0
2025-04-13,Red Line,466820,1,0,0,0.0
2025-04-13,Green Line,184142,1,0,0,0.0
2025-04-14,Red Line,569710,0,0,0,0.0
2025-04-14,Green Line,242065,0,0,0,0.0
2025-04-15,Red Line,630484,0,0,0,0.0
2025-04-15,Green Line,259091,0,0,0,0.0
2025-04-16,Red Line,596367,0,0,0,0.0
2025-04-16,Green Line,246500,0,0,0,0.0
2025-04-17,Red Line,627960,0,0,0,0.0
2025-04-17,Green Line,249807,0,0,0,0.0
2025-04-18,Red Line,545105,0,0,0,0.0
2025-04-18,Green Line,241077,0,0,0,0.0
2025-04-19,Red Line,525756,1,0,0,0.0
2025-04-19,Green Line,206382,1,0,0,0.0
2025-04-20,Red Line,516470,1,0,0,0.0
2025-04-20,Green Line,198478,1,0,0,0.0
2025-04-21,Red Line,588061,0,0,0,0.0
2025-04-21,Green Line,255947,0,0,0,0.0
2025-04-22,Red Line,596650,0,0,0,0.0
2025-04-22,Green Line,251855,0,0,0,0.0
2025-04-23,Red Line,629414,0,0,0,0.0
2025-04-23,Green Line,250909,0,0,0,0.0
2025-04-24,Red Line,612442,0,0,0,0.0
2025-04-24,Green Line,244059,0,0,0,0.0
2025-04-25,Red Line,568388,0,0,0,0.0
2025-04-25,Green Line,237618,0,0,0,0.0
2025-04-26,Red Line,481180,1,0,0,0.0
2025-04-26,Green Line,211166,1,0,0,0.0
2025-04-27,Red Line,467533,1,0,0,0.0
2025-04-27,Green Line,194028,1,0,0,0.0
2025-04-28,Red Line,590418,0,0,0,0.0
2025-04-28,Green Line,240610,0,0,0,0.0
2025-04-29,Red Line,598144,0,0,0,0.0
2025-04-29,Green Line,226845,0,0,0,0.0
2025-04-30,Red Line,619101,0,0,0,0.0
2025-04-30,Green Line,273745,0,0,0,0.0
2025-05-01,Red Line,543734,0,0,0,0.0
2025-05-01,Green Line,236298,0,0,0,0.0
2025-05-02,Red Line,480422,0,0,0,0.0
2025-05-02,Green Line,226632,0,0,0,0.0
2025-05-03,Red Line,490161,1,0,0,0.0
2025-05-03,Green Line,195671,1,0,0,0.0
2025-05-04,Red Line,439708,1,0,0,0.0
2025-05-04,Green Line,198056,1,0,0,0.0
2025-05-05,Red Line,578304,0,0,0,0.0
2025-05-05,Green Line,234001,0,0,0,0.0
2025-05-06,Red Line,595182,0,0,0,0.0
2025-05-06,Green Line,246072,0,0,0,0.0
2025-05-07,Red Line,592271,0,0,0,0.0
2025-05-07,Green Line,241348,0,0,0,0.0
2025-05-08,Red Line,582725,0,0,0,0.0
2025-05-08,Green Line,242585,0,0,0,0.0
2025-05-09,Red Line,498674,0,0,0,0.0
2025-05-09,Green Line,224663,0,0,0,0.0
2025-05-10,Red Line,497101,1,0,0,0.0
2025-05-10,Green Line,193820,1,0,0,0.0
2025-05-11,Red Line,453188,1,0,0,0.0
2025-05-11,Green Line,193917,1,0,0,0.0
2025-05-12,Red Line,592333,0,0,0,0.0
2025-05-12,Green Line,228626,0,0,0,0.0
2025-05-13,Red Line,677148,0,0,0,0.0
2025-05-13,Green Line,233943,0,0,0,0.0
2025-05-14,Red Line,568737,0,0,0,0.0
2025-05-14,Green Line,239353,0,0,0,0.0
2025-05-15,Red Line,570024,0,0,0,0.0
2025-05-15,Green Line,234757,0,0,0,0.0
2025-05-16,Red Line,520153,0,0,0,0.0
2025-05-16,Green Line,195607,0,0,0,0.0
2025-05-17,Red Line,507875,1,0,0,0.0
2025-05-17,Green Line,187759,1,0,0,0.0
2025-05-18,Red Line,461683,1,0,0,0.0
2025-05-18,Green Line,176719,1,0,0,0.0
2025-05-19,Red Line,579334,0,0,0,0.0
2025-05-19,Green Line,234400,0,0,0,0.0
2025-05-20,Red Line,613756,0,0,0,0.0
2025-05-20,Green Line,241358,0,0,0,0.0
2025-05-21,Red Line,558752,0,0,0,0.0
2025-05-21,Green Line,237540,0,0,0,0.0
2025-05-22,Red Line,552009,0,0,0,0.0
2025-05-22,Green Line,227976,0,0,0,0.0
2025-05-23,Red Line,523689,0,0,0,0.0
2025-05-23,Green Line,211384,0,0,0,0.0
2025-05-24,Red Line,471922,1,0,0,0.0
2025-05-24,Green Line,199872,1,0,0,0.0
2025-05-25,Red Line,473821,1,0,0,0.0
2025-05-25,Green Line,184084,1,0,0,0.0
2025-05-26,Red Line,555832,0,0,0,0.0
2025-05-26,Green Line,236601,0,0,0,0.0
2025-05-27,Red Line,582052,0,0,0,0.0
2025-05-27,Green Line,231592,0,0,0,0.0
2025-05-28,Red Line,542487,0,0,0,0.0
2025-05-28,Green Line,227112,0,0,0,0.0
2025-05-29,Red Line,607928,0,0,0,0.0
2025-05-29,Green Line,242664,0,0,0,0.0
2025-05-30,Red Line,542348,0,0,0,0.0
2025-05-30,Green Line,212680,0,0,0,0.0
2025-05-31,Red Line,460922,1,0,0,0.0
2025-05-31,Green Line,195924,1,0,0,0.0
2025-06-01,Red Line,417027,1,0,0,0.0
2025-06-01,Green Line,172490,1,0,0,0.0
2025-06-02,Red Line,547464,0,0,0,0.0
2025-06-02,Green Line,218542,0,0,0,0.0
2025-06-03,Red Line,512874,0,0,0,0.0
2025-06-03,Green Line,214079,0,0,0,0.0
2025-06-04,Red Line,563542,0,0,0,0.0
2025-06-04,Green Line,229949,0,0,0,0.0
2025-06-05,Red Line,393318,0,1,0,0.0
2025-06-05,Green Line,143058,0,1,0,0.0
2025-06-06,Red Line,324939,0,1,0,0.0
2025-06-06,Green Line,142310,0,1,0,0.0
2025-06-07,Red Line,325370,1,1,0,0.0
2025-06-07,Green Line,129040,1,1,0,0.0
2025-06-08,Red Line,307084,1,1,0,0.0
2025-06-08,Green Line,116346,1,1,0,0.0
2025-06-09,Red Line,365336,0,1,0,0.0
2025-06-09,Green Line,154738,0,1,0,0.0
2025-06-10,Red Line,536673,0,0,0,0.0
2025-06-10,Green Line,242611,0,0,0,0.0
2025-06-11,Red Line,539382,0,0,0,0.0
2025-06-11,Green Line,225568,0,0,0,0.0
2025-06-12,Red Line,537638,0,0,0,0.0
2025-06-12,Green Line,222797,0,0,0,0.0
2025-06-13,Red Line,495238,0,0,0,0.0
2025-06-13,Green Line,202276,0,0,0,0.0
2025-06-14,Red Line,476446,1,0,0,0.0
2025-06-14,Green Line,174814,1,0,0,0.0
2025-06-15,Red Line,400722,1,0,0,0.0
2025-06-15,Green Line,172708,1,0,0,0.0
2025-06-16,Red Line,504503,0,0,0,0.0
2025-06-16,Green Line,212435,0,0,0,0.0
2025-06-17,Red Line,531481,0,0,0,0.0
2025-06-17,Green Line,228442,0,0,0,0.0
2025-06-18,Red Line,563869,0,0,0,0.0
2025-06-18,Green Line,222986,0,0,0,0.0
2025-06-19,Red Line,515386,0,0,0,0.0
2025-06-19,Green Line,227445,0,0,0,0.0
2025-06-20,Red Line,479307,0,0,0,0.0
2025-06-20,Green Line,195780,0,0,0,0.0
2025-06-21,Red Line,443884,1,0,0,0.0
2025-06-21,Green Line,190136,1,0,0,0.0
2025-06-22,Red Line,403348,1,0,0,0.0
2025-06-22,Green Line,164144,1,0,0,0.0
2025-06-23,Red Line,486099,0,0,0,0.0
2025-06-23,Green Line,209478,0,0,0,0.0
2025-06-24,Red Line,529419,0,0,0,0.0
2025-06-24,Green Line,223169,0,0,0,0.0
2025-06-25,Red Line,533699,0,0,0,0.0
2025-06-25,Green Line,242010,0,0,0,0.0
2025-06-26,Red Line,370017,0,1,0,0.0
2025-06-26,Green Line,157231,0,1,0,0.0
2025-06-27,Red Line,481648,0,0,0,0.0
2025-06-27,Green Line,196467,0,0,0,0.0
2025-06-28,Red Line,440390,1,0,0,0.0
2025-06-28,Green Line,202610,1,0,0,0.0
2025-06-29,Red Line,421738,1,0,0,0.0
2025-06-29,Green Line,173779,1,0,0,0.0
2025-06-30,Red Line,529257,0,0,0,0.0
2025-06-30,Green Line,206737,0,0,0,0.0
2025-07-01,Red Line,511287,0,0,0,0.0
2025-07-01,Green Line,202444,0,0,0,0.0
2025-07-02,Red Line,519501,0,0,0,0.0
2025-07-02,Green Line,234509,0,0,0,0.0
2025-07-03,Red Line,522417,0,0,0,0.0
2025-07-03,Green Line,201743,0,0,0,0.0
2025-07-04,Red Line,465773,0,0,0,0.0
2025-07-04,Green Line,182016,0,0,0,0.0
2025-07-05,Red Line,442964,1,0,0,0.0
2025-07-05,Green Line,168539,1,0,0,0.0
2025-07-06,Red Line,413403,1,0,0,0.0
2025-07-06,Green Line,157150,1,0,0,0.0
2025-07-07,Red Line,469495,0,0,0,0.0
2025-07-07,Green Line,204289,0,0,0,0.0
2025-07-08,Red Line,498254,0,0,0,0.0
2025-07-08,Green Line,223242,0,0,0,0.0
2025-07-09,Red Line,468055,0,0,0,0.0
2025-07-09,Green Line,216955,0,0,0,0.0
2025-07-10,Red Line,501029,0,0,0,0.0
2025-07-10,Green Line,211565,0,0,0,0.0
2025-07-11,Red Line,458538,0,0,0,0.0
2025-07-11,Green Line,195416,0,0,0,0.0
2025-07-12,Red Line,437153,1,0,0,0.0
2025-07-12,Green Line,169230,1,0,0,0.0
2025-07-13,Red Line,410437,1,0,0,0.0
2025-07-13,Green Line,165169,1,0,0,0.0
2025-07-14,Red Line,521114,0,0,0,0.0
2025-07-14,Green Line,205812,0,0,0,0.0
2025-07-15,Red Line,545922,0,0,0,0.0
2025-07-15,Green Line,209551,0,0,0,0.0
2025-07-16,Red Line,498117,0,0,0,0.0
2025-07-16,Green Line,208855,0,0,0,0.0
2025-07-17,Red Line,475008,0,0,0,0.0
2025-07-17,Green Line,198152,0,0,0,0.0
2025-07-18,Red Line,451973,0,0,0,0.0
2025-07-18,Green Line,197015,0,0,0,0.0
2025-07-19,Red Line,419546,1,0,0,0.0
2025-07-19,Green Line,164985,1,0,0,0.0
2025-07-20,Red Line,432908,1,0,0,0.0
2025-07-20,Green Line,162485,1,0,0,0.0
2025-07-21,Red Line,519661,0,0,0,0.0
2025-07-21,Green Line,198336,0,0,0,0.0
2025-07-22,Red Line,530030,0,0,0,0.0
2025-07-22,Green Line,215035,0,0,0,0.0
2025-07-23,Red Line,521439,0,0,0,0.0
2025-07-23,Green Line,212084,0,0,0,0.0
2025-07-24,Red Line,515631,0,0,0,0.0
2025-07-24,Green Line,206207,0,0,0,0.0
2025-07-25,Red Line,476834,0,0,0,0.0
2025-07-25,Green Line,193671,0,0,0,0.0
2025-07-26,Red Line,437375,1,0,0,0.0
2025-07-26,Green Line,182156,1,0,0,0.0
2025-07-27,Red Line,400804,1,0,0,0.0
2025-07-27,Green Line,157711,1,0,0,0.0
2025-07-28,Red Line,477498,0,0,0,0.0
2025-07-28,Green Line,187662,0,0,0,0.0
2025-07-29,Red Line,493632,0,0,0,0.0
2025-07-29,Green Line,190769,0,0,0,0.0
2025-07-30,Red Line,512245,0,0,0,0.0
2025-07-30,Green Line,202969,0,0,0,0.0
2025-07-31,Red Line,510032,0,0,0,0.0
2025-07-31,Green Line,203766,0,0,0,0.0
2025-08-01,Red Line,485564,0,0,0,0.0
2025-08-01,Green Line,181891,0,0,0,0.0
2025-08-02,Red Line,423285,1,0,0,0.0
2025-08-02,Green Line,171327,1,0,0,0.0
2025-08-03,Red Line,388129,1,0,0,0.0
2025-08-03,Green Line,162981,1,0,0,0.0
2025-08-04,Red Line,487346,0,0,0,0.0
2025-08-04,Green Line,201421,0,0,0,0.0
2025-08-05,Red Line,528968,0,0,0,0.0
2025-08-05,Green Line,208075,0,0,0,0.0
2025-08-06,Red Line,552306,0,0,0,0.0
2025-08-06,Green Line,234596,0,0,0,0.0
2025-08-07,Red Line,537616,0,0,0,0.0
2025-08-07,Green Line,208365,0,0,0,0.0
2025-08-08,Red Line,442639,0,0,0,0.0
2025-08-08,Green Line,197527,0,0,0,0.0
2025-08-09,Red Line,419606,1,0,0,0.0
2025-08-09,Green Line,179708,1,0,0,0.0
2025-08-10,Red Line,423745,1,0,0,0.0
2025-08-10,Green Line,166179,1,0,0,0.0
2025-08-11,Red Line,534082,0,0,0,0.0
2025-08-11,Green Line,226651,0,0,0,0.0
2025-08-12,Red Line,528384,0,0,0,0.0
2025-08-12,Green Line,210743,0,0,0,0.0
2025-08-13,Red Line,536977,0,0,0,0.0
2025-08-13,Green Line,205143,0,0,0,0.0
2025-08-14,Red Line,480312,0,0,0,0.0
2025-08-14,Green Line,208883,0,0,0,0.0
2025-08-15,Red Line,441512,0,0,0,0.0
2025-08-15,Green Line,196710,0,0,0,0.0
2025-08-16,Red Line,423896,1,0,0,0.0
2025-08-16,Green Line,173421,1,0,0,0.0
2025-08-17,Red Line,418667,1,0,0,0.0
2025-08-17,Green Line,175211,1,0,0,0.0
2025-08-18,Red Line,533725,0,0,0,0.0
2025-08-18,Green Line,213026,0,0,0,0.0
2025-08-19,Red Line,508195,0,0,0,0.0
2025-08-19,Green Line,213972,0,0,0,0.0
2025-08-20,Red Line,500505,0,0,0,0.0
2025-08-20,Green Line,206913,0,0,0,0.0
2025-08-21,Red Line,549883,0,0,0,0.0
2025-08-21,Green Line,207315,0,0,0,0.0
2025-08-22,Red Line,449959,0,0,0,0.0
2025-08-22,Green Line,193400,0,0,0,0.0
2025-08-23,Red Line,414697,1,0,0,0.0
2025-08-23,Green Line,168102,1,0,0,0.0
2025-08-24,Red Line,429771,1,0,0,0.0
2025-08-24,Green Line,165312,1,0,0,0.0
2025-08-25,Red Line,521043,0,0,0,0.0
2025-08-25,Green Line,211244,0,0,0,0.0
2025-08-26,Red Line,492619,0,0,0,0.0
2025-08-26,Green Line,214916,0,0,0,0.0
2025-08-27,Red Line,467119,0,0,0,0.0
2025-08-27,Green Line,210618,0,0,0,0.0
2025-08-28,Red Line,494922,0,0,0,0.0
2025-08-28,Green Line,215559,0,0,0,0.0
2025-08-29,Red Line,439175,0,0,0,0.0
2025-08-29,Green Line,181061,0,0,0,0.0
2025-08-30,Red Line,434619,1,0,0,0.0
2025-08-30,Green Line,178132,1,0,0,0.0
2025-08-31,Red Line,414359,1,0,0,0.0
2025-08-31,Green Line,170128,1,0,0,0.0
2025-09-01,Red Line,544886,0,0,0,0.0
2025-09-01,Green Line,220470,0,0,0,0.0
2025-09-02,Red Line,619681,0,0,0,0.0
2025-09-02,Green Line,239479,0,0,0,0.0
2025-09-03,Red Line,586222,0,0,0,0.0
2025-09-03,Green Line,236472,0,0,0,0.0
2025-09-04,Red Line,378101,0,1,0,0.0
2025-09-04,Green Line,167866,0,1,0,0.0
2025-09-05,Red Line,525293,0,0,0,0.0
2025-09-05,Green Line,229111,0,0,0,0.0
2025-09-06,Red Line,496361,1,0,0,0.0
2025-09-06,Green Line,200560,1,0,0,0.0
2025-09-07,Red Line,445803,1,0,0,0.0
2025-09-07,Green Line,164324,1,0,0,0.0
2025-09-08,Red Line,540276,0,0,0,0.0
2025-09-08,Green Line,234084,0,0,0,0.0
2025-09-09,Red Line,553613,0,0,0,0.0
2025-09-09,Green Line,231956,0,0,0,0.0
2025-09-10,Red Line,529279,0,0,0,0.0
2025-09-10,Green Line,239922,0,0,0,0.0
2025-09-11,Red Line,566387,0,0,0,0.0
2025-09-11,Green Line,230579,0,0,0,0.0
2025-09-12,Red Line,512512,0,0,0,0.0
2025-09-12,Green Line,211478,0,0,0,0.0
2025-09-13,Red Line,438786,1,0,0,0.0
2025-09-13,Green Line,188441,1,0,0,0.0
2025-09-14,Red Line,446858,1,0,0,0.0
2025-09-14,Green Line,179800,1,0,0,0.0
2025-09-15,Red Line,532812,0,0,0,0.0
2025-09-15,Green Line,250105,0,0,0,0.0
2025-09-16,Red Line,528494,0,0,0,0.0
2025-09-16,Green Line,236229,0,0,0,0.0
2025-09-17,Red Line,583071,0,0,0,0.0
2025-09-17,Green Line,227239,0,0,0,0.0
2025-09-18,Red Line,550476,0,0,0,0.0
2025-09-18,Green Line,225768,0,0,0,0.0
2025-09-19,Red Line,554068,0,0,0,0.0
2025-09-19,Green Line,221348,0,0,0,0.0
2025-09-20,Red Line,471609,1,0,0,0.0
2025-09-20,Green Line,195126,1,0,0,0.0
2025-09-21,Red Line,426072,1,0,0,0.0
2025-09-21,Green Line,180966,1,0,0,0.0
2025-09-22,Red Line,535423,0,0,0,0.0
2025-09-22,Green Line,221121,0,0,0,0.0
2025-09-23,Red Line,565523,0,0,0,0.0
2025-09-23,Green Line,219526,0,0,0,0.0
2025-09-24,Red Line,565374,0,0,0,0.0
2025-09-24,Green Line,229297,0,0,0,0.0
2025-09-25,Red Line,589499,0,0,0,0.0
2025-09-25,Green Line,234592,0,0,0,0.0
2025-09-26,Red Line,511734,0,0,0,0.0
2025-09-26,Green Line,206917,0,0,0,0.0
2025-09-27,Red Line,459047,1,0,0,0.0
2025-09-27,Green Line,186796,1,0,0,0.0
2025-09-28,Red Line,446130,1,0,0,0.0
2025-09-28,Green Line,188724,1,0,0,0.0
2025-09-29,Red Line,601095,0,0,0,0.0
2025-09-29,Green Line,212423,0,0,0,0.0
2025-09-30,Red Line,544682,0,0,0,0.0
2025-09-30,Green Line,240569,0,0,0,0.0
2025-10-01,Red Line,634537,0,0,0,0.0
2025-10-01,Green Line,266856,0,0,0,0.0
2025-10-02,Red Line,559016,0,0,0,0.0
2025-10-02,Green Line,247096,0,0,0,0.0
2025-10-03,Red Line,547550,0,0,0,0.0
2025-10-03,Green Line,219822,0,0,0,0.0
2025-10-04,Red Line,562049,1,0,0,0.0
2025-10-04,Green Line,202961,1,0,0,0.0
2025-10-05,Red Line,501788,1,0,0,0.0
2025-10-05,Green Line,213351,1,0,0,0.0
2025-10-06,Red Line,622183,0,0,0,0.0
2025-10-06,Green Line,249043,0,0,0,0.0
2025-10-07,Red Line,641359,0,0,0,0.0
2025-10-07,Green Line,267943,0,0,0,0.0
2025-10-08,Red Line,657292,0,0,0,0.0
2025-10-08,Green Line,251746,0,0,0,0.0
2025-10-09,Red Line,564332,0,0,0,0.0
2025-10-09,Green Line,246245,0,0,0,0.0
2025-10-10,Red Line,571411,0,0,0,0.0
2025-10-10,Green Line,231500,0,0,0,0.0
2025-10-11,Red Line,521654,1,0,0,0.0
2025-10-11,Green Line,220585,1,0,0,0.0
2025-10-12,Red Line,456234,1,0,0,0.0
2025-10-12,Green Line,191820,1,0,0,0.0
2025-10-13,Red Line,648819,0,0,0,0.0
2025-10-13,Green Line,254499,0,0,0,0.0
2025-10-14,Red Line,646332,0,0,0,0.0
2025-10-14,Green Line,244345,0,0,0,0.0
2025-10-15,Red Line,636018,0,0,0,0.0
2025-10-15,Green Line,255855,0,0,0,0.0
2025-10-16,Red Line,596583,0,0,0,0.0
2025-10-16,Green Line,270708,0,0,0,0.0
2025-10-17,Red Line,564570,0,0,0,0.0
2025-10-17,Green Line,227811,0,0,0,0.0
2025-10-18,Red Line,526326,1,0,0,0.0
2025-10-18,Green Line,213177,1,0,0,0.0
2025-10-19,Red Line,487724,1,0,0,0.0
2025-10-19,Green Line,207809,1,0,0,0.0
2025-10-20,Red Line,636802,0,0,0,0.0
2025-10-20,Green Line,263812,0,0,0,0.0
2025-10-21,Red Line,588641,0,0,0,0.0
2025-10-21,Green Line,251070,0,0,0,0.0
2025-10-22,Red Line,616401,0,0,0,0.0
2025-10-22,Green Line,245746,0,0,0,0.0
2025-10-23,Red Line,618728,0,0,0,0.0
2025-10-23,Green Line,256286,0,0,0,0.0
2025-10-24,Red Line,537622,0,0,0,0.0
2025-10-24,Green Line,224209,0,0,0,0.0
2025-10-25,Red Line,530032,1,0,0,0.0
2025-10-25,Green Line,215992,1,0,0,0.0
2025-10-26,Red Line,462788,1,0,0,0.0
2025-10-26,Green Line,209428,1,0,0,0.0
2025-10-27,Red Line,633340,0,0,0,0.0
2025-10-27,Green Line,252009,0,0,0,0.0
2025-10-28,Red Line,662634,0,0,0,0.0
2025-10-28,Green Line,261469,0,0,0,0.0
2025-10-29,Red Line,636075,0,0,0,0.0
2025-10-29,Green Line,235817,0,0,0,0.0
2025-10-30,Red Line,652991,0,0,0,0.0
2025-10-30,Green Line,270103,0,0,0,0.0
2025-10-31,Red Line,572498,0,0,0,0.0
2025-10-31,Green Line,228039,0,0,0,0.0
2025-11-01,Red Line,515508,1,0,0,0.0
2025-11-01,Green Line,238250,1,0,0,0.0
2025-11-02,Red Line,513444,1,0,0,0.0
2025-11-02,Green Line,200362,1,0,0,0.0
2025-11-03,Red Line,621200,0,0,0,0.0
2025-11-03,Green Line,262172,0,0,0,0.0
2025-11-04,Red Line,643074,0,0,0,0.0
2025-11-04,Green Line,272053,0,0,0,0.0
2025-11-05,Red Line,625855,0,0,0,0.0
2025-11-05,Green Line,254400,0,0,0,0.0
2025-11-06,Red Line,620358,0,0,0,0.0
2025-11-06,Green Line,273511,0,0,0,0.0
2025-11-07,Red Line,593612,0,0,0,0.0
2025-11-07,Green Line,258603,0,0,0,0.0
2025-11-08,Red Line,499725,1,0,0,0.0
2025-11-08,Green Line,240462,1,0,0,0.0
2025-11-09,Red Line,525778,1,0,0,0.0
2025-11-09,Green Line,215285,1,0,0,0.0
2025-11-10,Red Line,655585,0,0,0,0.0
2025-11-10,Green Line,265219,0,0,0,0.0
2025-11-11,Red Line,646583,0,0,0,0.0
2025-11-11,Green Line,274439,0,0,0,0.0
2025-11-12,Red Line,662134,0,0,0,0.0
2025-11-12,Green Line,286217,0,0,0,0.0
2025-11-13,Red Line,630569,0,0,0,0.0
2025-11-13,Green Line,276266,0,0,0,0.0
2025-11-14,Red Line,604051,0,0,0,0.0
2025-11-14,Green Line,237885,0,0,0,0.0
2025-11-15,Red Line,534414,1,0,0,0.0
2025-11-15,Green Line,241925,1,0,0,0.0
2025-11-16,Red Line,490610,1,0,0,0.0
2025-11-16,Green Line,215017,1,0,0,0.0
2025-11-17,Red Line,647879,0,0,0,0.0
2025-11-17,Green Line,268208,0,0,0,0.0
2025-11-18,Red Line,621017,0,0,0,0.0
2025-11-18,Green Line,250101,0,0,0,0.0
2025-11-19,Red Line,648204,0,0,0,0.0
2025-11-19,Green Line,262636,0,0,0,0.0
2025-11-20,Red Line,657253,0,0,0,0.0
2025-11-20,Green Line,275025,0,0,0,0.0
2025-11-21,Red Line,602478,0,0,0,0.0
2025-11-21,Green Line,238006,0,0,0,0.0
2025-11-22,Red Line,545014,1,0,0,0.0
2025-11-22,Green Line,233252,1,0,0,0.0
2025-11-23,Red Line,510277,1,0,0,0.0
2025-11-23,Green Line,202904,1,0,0,0.0
2025-11-24,Red Line,644658,0,0,0,0.0
2025-11-24,Green Line,253033,0,0,0,0.0
2025-11-25,Red Line,678037,0,0,0,0.0
2025-11-25,Green Line,262675,0,0,0,0.0
2025-11-26,Red Line,675442,0,0,0,0.0
2025-11-26,Green Line,256342,0,0,0,0.0
2025-11-27,Red Line,640628,0,0,0,0.0
2025-11-27,Green Line,301944,0,0,0,0.0
2025-11-28,Red Line,574191,0,0,0,0.0
2025-11-28,Green Line,237640,0,0,0,0.0
2025-11-29,Red Line,533734,1,0,0,0.0
2025-11-29,Green Line,219481,1,0,0,0.0
2025-11-30,Red Line,497093,1,0,0,0.0
2025-11-30,Green Line,205009,1,0,0,0.0
2025-12-01,Red Line,408870,0,1,0,0.0
2025-12-01,Green Line,190385,0,1,0,0.0
2025-12-02,Red Line,471202,0,1,0,0.0
2025-12-02,Green Line,182948,0,1,0,0.0
2025-12-03,Red Line,455547,0,1,0,0.0
2025-12-03,Green Line,187549,0,1,0,0.0
2025-12-04,Red Line,634036,0,0,0,0.0
2025-12-04,Green Line,276222,0,0,0,0.0
2025-12-05,Red Line,607494,0,0,0,0.0
2025-12-05,Green Line,227668,0,0,0,0.0
2025-12-06,Red Line,520726,1,0,0,0.0
2025-12-06,Green Line,219418,1,0,0,0.0
2025-12-07,Red Line,510544,1,0,0,0.0
2025-12-07,Green Line,205287,1,0,0,0.0
2025-12-08,Red Line,638977,0,0,0,0.0
2025-12-08,Green Line,243384,0,0,0,0.0
2025-12-09,Red Line,647184,0,0,0,0.0
2025-12-09,Green Line,261036,0,0,0,0.0
2025-12-10,Red Line,634230,0,0,0,0.0
2025-12-10,Green Line,258283,0,0,0,0.0
2025-12-11,Red Line,605288,0,0,0,0.0
2025-12-11,Green Line,259049,0,0,0,0.0
2025-12-12,Red Line,574986,0,0,0,0.0
2025-12-12,Green Line,269329,0,0,0,0.0
2025-12-13,Red Line,656366,1,0,0,0.0
2025-12-13,Green Line,262541,1,0,0,0.0
2025-12-14,Red Line,602879,1,0,0,0.0
2025-12-14,Green Line,244130,1,0,0,0.0
2025-12-15,Red Line,622161,0,0,0,0.0
2025-12-15,Green Line,286534,0,0,0,0.0
2025-12-16,Red Line,627371,0,0,0,0.0
2025-12-16,Green Line,272738,0,0,0,0.0
2025-12-17,Red Line,686038,0,0,0,0.0
2025-12-17,Green Line,262652,0,0,0,0.0
2025-12-18,Red Line,607178,0,0,0,0.0
2025-12-18,Green Line,249545,0,0,0,0.0
2025-12-19,Red Line,560059,0,0,0,0.0
2025-12-19,Green Line,245107,0,0,0,0.0
2025-12-20,Red Line,619157,1,0,0,0.0
2025-12-20,Green Line,268467,1,0,0,0.0
2025-12-21,Red Line,597722,1,0,0,0.0
2025-12-21,Green Line,248169,1,0,0,0.0
2025-12-22,Red Line,626068,0,0,0,0.0
2025-12-22,Green Line,247181,0,0,0,0.0
2025-12-23,Red Line,676639,0,0,0,0.0
2025-12-23,Green Line,269688,0,0,0,0.0
2025-12-24,Red Line,621806,0,0,0,0.0
2025-12-24,Green Line,278311,0,0,0,0.0
2025-12-25,Red Line,711259,0,0,0,0.0
2025-12-25,Green Line,252774,0,0,0,0.0
2025-12-26,Red Line,543906,0,0,0,0.0
2025-12-26,Green Line,238955,0,0,0,0.0
2025-12-27,Red Line,646783,1,0,0,0.0
2025-12-27,Green Line,252344,1,0,0,0.0
2025-12-28,Red Line,576694,1,0,0,0.0
2025-12-28,Green Line,243244,1,0,0,0.0
2025-12-29,Red Line,668543,0,0,0,0.0
2025-12-29,Green Line,264869,0,0,0,0.0
2025-12-30,Red Line,602398,0,0,0,0.0
2025-12-30,Green Line,268639,0,0,0,0.0
2025-12-31,Red Line,673049,0,0,0,0.0
2025-12-31,Green Line,269780,0,0,0,0.0
